item_id,interviewee,date,question_order,response_order,annotator_a,annotator_b,annotator_c,provisional_label,consensus_status
RV-0001,Aécio Neves,18/04/2005,6,7,RESPONDE,RESPONDE,RESPONDE,RESPONDE,UNANIMOUS_3_OF_3
RV-0002,Aécio Neves,18/04/2005,8,9,ESQUIVA,ESQUIVA,ESQUIVA,ESQUIVA,UNANIMOUS_3_OF_3
RV-0003,Aécio Neves,18/04/2005,14,15,RESPONDE,RESPONDE,PARCIAL,RESPONDE,MAJORITY_2_OF_3
RV-0004,Aécio Neves,18/04/2005,16,17,PARCIAL,PARCIAL,PARCIAL,PARCIAL,UNANIMOUS_3_OF_3
RV-0005,Aécio Neves,18/04/2005,20,21,RESPONDE,RESPONDE,RESPONDE,RESPONDE,UNANIMOUS_3_OF_3
RV-0006,Aécio Neves,18/04/2005,24,25,RESPONDE,RESPONDE,RESPONDE,RESPONDE,UNANIMOUS_3_OF_3
RV-0007,Aécio Neves,18/04/2005,28,29,RESPONDE,RESPONDE,ESQUIVA,RESPONDE,MAJORITY_2_OF_3
RV-0008,Aécio Neves,18/04/2005,32,33,RESPONDE,RESPONDE,RESPONDE,RESPONDE,UNANIMOUS_3_OF_3
RV-0009,Aécio Neves,18/04/2005,52,53,PARCIAL,PARCIAL,PARCIAL,PARCIAL,UNANIMOUS_3_OF_3
RV-0010,Aécio Neves,18/04/2005,54,55,RESPONDE,RESPONDE,RESPONDE,RESPONDE,UNANIMOUS_3_OF_3
RV-0011,Aécio Neves,18/04/2005,58,59,RESPONDE,RESPONDE,RESPONDE,RESPONDE,UNANIMOUS_3_OF_3
RV-0012,Aécio Neves,18/04/2005,60,62,RESPONDE,PARCIAL,RESPONDE,RESPONDE,MAJORITY_2_OF_3
RV-0013,Aécio Neves,18/04/2005,63,64,RESPONDE,RESPONDE,RESPONDE,RESPONDE,UNANIMOUS_3_OF_3
RV-0014,Aécio Neves,18/04/2005,65,66,PARCIAL,PARCIAL,RESPONDE,PARCIAL,MAJORITY_2_OF_3
RV-0015,Aécio Neves,18/04/2005,67,68,PARCIAL,,PARCIAL,PARCIAL,AGREEMENT_2_OF_2
RV-0016,Aécio Neves,18/04/2005,71,72,ESQUIVA,ESQUIVA,ESQUIVA,ESQUIVA,UNANIMOUS_3_OF_3
RV-0017,Aécio Neves,18/04/2005,73,74,RESPONDE,RESPONDE,RESPONDE,RESPONDE,UNANIMOUS_3_OF_3
RV-0018,Aécio Neves,18/04/2005,81,82,PARCIAL,PARCIAL,RESPONDE,PARCIAL,MAJORITY_2_OF_3
RV-0019,Aécio Neves,18/04/2005,86,89,PARCIAL,PARCIAL,PARCIAL,PARCIAL,UNANIMOUS_3_OF_3
RV-0020,Aécio Neves,18/04/2005,90,91,ESQUIVA,ESQUIVA,ESQUIVA,ESQUIVA,UNANIMOUS_3_OF_3
RV-0021,Aécio Neves,18/04/2005,94,95,PARCIAL,PARCIAL,RESPONDE,PARCIAL,MAJORITY_2_OF_3
RV-0022,Aécio Neves,18/04/2005,99,101,RESPONDE,RESPONDE,RESPONDE,RESPONDE,UNANIMOUS_3_OF_3
RV-0023,Aécio Neves,18/04/2005,102,103,RESPONDE,RESPONDE,RESPONDE,RESPONDE,UNANIMOUS_3_OF_3
RV-0024,Aécio Neves,18/04/2005,104,105,RESPONDE,RESPONDE,RESPONDE,RESPONDE,UNANIMOUS_3_OF_3
RV-0025,Aécio Neves,18/04/2005,106,109,PARCIAL,PARCIAL,PARCIAL,PARCIAL,UNANIMOUS_3_OF_3
RV-0026,Aécio Neves,18/04/2005,110,111,RESPONDE,PARCIAL,RESPONDE,RESPONDE,MAJORITY_2_OF_3
RV-0027,Aécio Neves,18/04/2005,114,115,RESPONDE,RESPONDE,RESPONDE,RESPONDE,UNANIMOUS_3_OF_3
RV-0028,Aécio Neves,18/04/2005,118,119,RESPONDE,RESPONDE,RESPONDE,RESPONDE,UNANIMOUS_3_OF_3
RV-0029,Aécio Neves,18/04/2005,120,121,ESQUIVA,ESQUIVA,ESQUIVA,ESQUIVA,UNANIMOUS_3_OF_3
RV-0030,Aécio Neves,18/04/2005,122,123,ESQUIVA,ESQUIVA,ESQUIVA,ESQUIVA,UNANIMOUS_3_OF_3
RV-0031,Aécio Neves,18/04/2005,126,130,PARCIAL,PARCIAL,PARCIAL,PARCIAL,UNANIMOUS_3_OF_3
RV-0032,Aécio Neves,18/04/2005,132,135,PARCIAL,RESPONDE,PARCIAL,PARCIAL,MAJORITY_2_OF_3
RV-0033,Aécio Neves,18/04/2005,136,137,RESPONDE,RESPONDE,RESPONDE,RESPONDE,UNANIMOUS_3_OF_3
RV-0034,Aécio Neves,18/04/2005,144,145,RESPONDE,PARCIAL,RESPONDE,RESPONDE,MAJORITY_2_OF_3
RV-0035,Aécio Neves,18/04/2005,149,150,PARCIAL,PARCIAL,RESPONDE,PARCIAL,MAJORITY_2_OF_3
RV-0036,Aécio Neves,18/04/2005,151,152,RESPONDE,RESPONDE,RESPONDE,RESPONDE,UNANIMOUS_3_OF_3
RV-0037,Aécio Neves,18/04/2005,155,156,RESPONDE,RESPONDE,RESPONDE,RESPONDE,UNANIMOUS_3_OF_3
RV-0038,Aécio Neves,18/04/2005,157,158,RESPONDE,RESPONDE,RESPONDE,RESPONDE,UNANIMOUS_3_OF_3
RV-0039,Alexandre de Moraes,07/02/2005,2,4,RESPONDE,RESPONDE,RESPONDE,RESPONDE,UNANIMOUS_3_OF_3
RV-0040,Alexandre de Moraes,07/02/2005,5,6,ESQUIVA,RESPONDE,ESQUIVA,ESQUIVA,MAJORITY_2_OF_3
RV-0041,Alexandre de Moraes,07/02/2005,7,8,RESPONDE,RESPONDE,RESPONDE,RESPONDE,UNANIMOUS_3_OF_3
RV-0042,Alexandre de Moraes,07/02/2005,9,10,RESPONDE,RESPONDE,RESPONDE,RESPONDE,UNANIMOUS_3_OF_3
RV-0043,Alexandre de Moraes,07/02/2005,11,12,RESPONDE,PARCIAL,RESPONDE,RESPONDE,MAJORITY_2_OF_3
RV-0044,Alexandre de Moraes,07/02/2005,14,15,RESPONDE,PARCIAL,RESPONDE,RESPONDE,MAJORITY_2_OF_3
RV-0045,Alexandre de Moraes,07/02/2005,16,17,PARCIAL,PARCIAL,PARCIAL,PARCIAL,UNANIMOUS_3_OF_3
RV-0046,Alexandre de Moraes,07/02/2005,20,21,RESPONDE,RESPONDE,RESPONDE,RESPONDE,UNANIMOUS_3_OF_3
RV-0047,Alexandre de Moraes,07/02/2005,23,25,PARCIAL,RESPONDE,PARCIAL,PARCIAL,MAJORITY_2_OF_3
RV-0048,Alexandre de Moraes,07/02/2005,26,27,RESPONDE,RESPONDE,RESPONDE,RESPONDE,UNANIMOUS_3_OF_3
RV-0049,Alexandre de Moraes,07/02/2005,32,33,RESPONDE,RESPONDE,RESPONDE,RESPONDE,UNANIMOUS_3_OF_3
RV-0050,Alexandre de Moraes,07/02/2005,34,35,RESPONDE,PARCIAL,PARCIAL,PARCIAL,MAJORITY_2_OF_3
RV-0051,Alexandre de Moraes,07/02/2005,38,39,RESPONDE,PARCIAL,RESPONDE,RESPONDE,MAJORITY_2_OF_3
RV-0052,Alexandre de Moraes,07/02/2005,40,41,RESPONDE,RESPONDE,RESPONDE,RESPONDE,UNANIMOUS_3_OF_3
RV-0053,Alexandre de Moraes,07/02/2005,42,43,RESPONDE,RESPONDE,RESPONDE,RESPONDE,UNANIMOUS_3_OF_3
RV-0054,Alexandre de Moraes,07/02/2005,44,45,RESPONDE,RESPONDE,RESPONDE,RESPONDE,UNANIMOUS_3_OF_3
RV-0055,Alexandre de Moraes,07/02/2005,46,47,RESPONDE,RESPONDE,RESPONDE,RESPONDE,UNANIMOUS_3_OF_3
RV-0056,Alexandre de Moraes,07/02/2005,50,54,RESPONDE,RESPONDE,RESPONDE,RESPONDE,UNANIMOUS_3_OF_3
RV-0057,Alexandre de Moraes,07/02/2005,55,56,RESPONDE,RESPONDE,RESPONDE,RESPONDE,UNANIMOUS_3_OF_3
RV-0058,Alexandre de Moraes,07/02/2005,59,60,PARCIAL,PARCIAL,PARCIAL,PARCIAL,UNANIMOUS_3_OF_3
RV-0059,Alexandre de Moraes,07/02/2005,61,62,RESPONDE,PARCIAL,RESPONDE,RESPONDE,MAJORITY_2_OF_3
RV-0060,Alexandre de Moraes,07/02/2005,65,66,PARCIAL,PARCIAL,RESPONDE,PARCIAL,MAJORITY_2_OF_3
RV-0061,Alexandre de Moraes,07/02/2005,67,68,RESPONDE,RESPONDE,RESPONDE,RESPONDE,UNANIMOUS_3_OF_3
RV-0062,Alexandre de Moraes,07/02/2005,69,70,RESPONDE,PARCIAL,RESPONDE,RESPONDE,MAJORITY_2_OF_3
RV-0063,Alexandre de Moraes,07/02/2005,73,74,PARCIAL,PARCIAL,RESPONDE,PARCIAL,MAJORITY_2_OF_3
RV-0064,Alexandre de Moraes,07/02/2005,75,76,RESPONDE,RESPONDE,RESPONDE,RESPONDE,UNANIMOUS_3_OF_3
RV-0065,Alexandre de Moraes,07/02/2005,77,78,RESPONDE,RESPONDE,RESPONDE,RESPONDE,UNANIMOUS_3_OF_3
RV-0066,Alexandre de Moraes,07/02/2005,81,84,ESQUIVA,PARCIAL,ESQUIVA,ESQUIVA,MAJORITY_2_OF_3
RV-0067,Alexandre de Moraes,07/02/2005,85,86,RESPONDE,RESPONDE,RESPONDE,RESPONDE,UNANIMOUS_3_OF_3
RV-0068,Alexandre de Moraes,07/02/2005,89,90,PARCIAL,PARCIAL,PARCIAL,PARCIAL,UNANIMOUS_3_OF_3
RV-0069,Alexandre de Moraes,07/02/2005,93,94,RESPONDE,RESPONDE,RESPONDE,RESPONDE,UNANIMOUS_3_OF_3
RV-0070,Alexandre de Moraes,07/02/2005,97,98,RESPONDE,PARCIAL,RESPONDE,RESPONDE,MAJORITY_2_OF_3
RV-0071,Alexandre de Moraes,07/02/2005,99,100,RESPONDE,RESPONDE,RESPONDE,RESPONDE,UNANIMOUS_3_OF_3
RV-0072,Alexandre de Moraes,07/02/2005,101,102,RESPONDE,RESPONDE,RESPONDE,RESPONDE,UNANIMOUS_3_OF_3
RV-0073,Alexandre de Moraes,07/02/2005,103,104,PARCIAL,RESPONDE,PARCIAL,PARCIAL,MAJORITY_2_OF_3
RV-0074,Alexandre de Moraes,07/02/2005,105,106,RESPONDE,RESPONDE,RESPONDE,RESPONDE,UNANIMOUS_3_OF_3
RV-0075,Alexandre de Moraes,07/02/2005,107,108,RESPONDE,RESPONDE,RESPONDE,RESPONDE,UNANIMOUS_3_OF_3
RV-0076,Alexandre de Moraes,07/02/2005,113,114,RESPONDE,RESPONDE,RESPONDE,RESPONDE,UNANIMOUS_3_OF_3
RV-0077,Alexandre de Moraes,07/02/2005,118,119,RESPONDE,PARCIAL,RESPONDE,RESPONDE,MAJORITY_2_OF_3
RV-0078,Alexandre de Moraes,07/02/2005,120,121,RESPONDE,RESPONDE,RESPONDE,RESPONDE,UNANIMOUS_3_OF_3
RV-0079,Alexandre de Moraes,07/02/2005,132,133,RESPONDE,RESPONDE,RESPONDE,RESPONDE,UNANIMOUS_3_OF_3
RV-0080,Alexandre de Moraes,07/02/2005,136,137,RESPONDE,RESPONDE,RESPONDE,RESPONDE,UNANIMOUS_3_OF_3
RV-0081,Alexandre de Moraes,07/02/2005,138,139,ESQUIVA,,ESQUIVA,ESQUIVA,AGREEMENT_2_OF_2
RV-0082,Alexandre de Moraes,07/02/2005,141,143,RESPONDE,RESPONDE,RESPONDE,RESPONDE,UNANIMOUS_3_OF_3
RV-0083,Alexandre de Moraes,07/02/2005,144,145,RESPONDE,RESPONDE,RESPONDE,RESPONDE,UNANIMOUS_3_OF_3
RV-0084,Alexandre de Moraes,07/02/2005,148,149,RESPONDE,RESPONDE,RESPONDE,RESPONDE,UNANIMOUS_3_OF_3
RV-0085,Alexandre de Moraes,07/02/2005,150,152,RESPONDE,RESPONDE,RESPONDE,RESPONDE,UNANIMOUS_3_OF_3
RV-0086,Alexandre de Moraes,07/02/2005,155,156,PARCIAL,RESPONDE,PARCIAL,PARCIAL,MAJORITY_2_OF_3
RV-0087,Alexandre de Moraes,07/02/2005,159,160,PARCIAL,PARCIAL,RESPONDE,PARCIAL,MAJORITY_2_OF_3
RV-0088,Alexandre de Moraes,07/02/2005,161,162,RESPONDE,RESPONDE,RESPONDE,RESPONDE,UNANIMOUS_3_OF_3
RV-0089,Alexandre de Moraes,07/02/2005,163,164,ESQUIVA,,ESQUIVA,ESQUIVA,AGREEMENT_2_OF_2
RV-0090,Alexandre de Moraes,07/02/2005,173,174,RESPONDE,RESPONDE,RESPONDE,RESPONDE,UNANIMOUS_3_OF_3
RV-0091,Alexandre de Moraes,07/02/2005,177,178,RESPONDE,RESPONDE,RESPONDE,RESPONDE,UNANIMOUS_3_OF_3
RV-0092,Alexandre de Moraes,07/02/2005,179,180,RESPONDE,RESPONDE,RESPONDE,RESPONDE,UNANIMOUS_3_OF_3
RV-0093,Alexandre de Moraes,07/02/2005,181,182,RESPONDE,RESPONDE,RESPONDE,RESPONDE,UNANIMOUS_3_OF_3
RV-0094,Alexandre de Moraes,07/02/2005,183,184,PARCIAL,PARCIAL,PARCIAL,PARCIAL,UNANIMOUS_3_OF_3
RV-0095,Anthony Garotinho,20/03/2006,2,5,RESPONDE,RESPONDE,RESPONDE,RESPONDE,UNANIMOUS_3_OF_3
RV-0096,Anthony Garotinho,20/03/2006,6,7,RESPONDE,PARCIAL,RESPONDE,RESPONDE,MAJORITY_2_OF_3
RV-0097,Anthony Garotinho,20/03/2006,8,9,RESPONDE,RESPONDE,RESPONDE,RESPONDE,UNANIMOUS_3_OF_3
RV-0098,Anthony Garotinho,20/03/2006,10,11,RESPONDE,RESPONDE,RESPONDE,RESPONDE,UNANIMOUS_3_OF_3
RV-0099,Anthony Garotinho,20/03/2006,12,13,RESPONDE,RESPONDE,RESPONDE,RESPONDE,UNANIMOUS_3_OF_3
RV-0100,Anthony Garotinho,20/03/2006,16,18,RESPONDE,RESPONDE,RESPONDE,RESPONDE,UNANIMOUS_3_OF_3
RV-0101,Anthony Garotinho,20/03/2006,19,20,RESPONDE,RESPONDE,RESPONDE,RESPONDE,UNANIMOUS_3_OF_3
RV-0102,Anthony Garotinho,20/03/2006,21,22,RESPONDE,RESPONDE,RESPONDE,RESPONDE,UNANIMOUS_3_OF_3
RV-0103,Anthony Garotinho,20/03/2006,23,25,PARCIAL,PARCIAL,RESPONDE,PARCIAL,MAJORITY_2_OF_3
RV-0104,Anthony Garotinho,20/03/2006,28,29,RESPONDE,PARCIAL,RESPONDE,RESPONDE,MAJORITY_2_OF_3
RV-0105,Anthony Garotinho,20/03/2006,32,33,PARCIAL,PARCIAL,PARCIAL,PARCIAL,UNANIMOUS_3_OF_3
RV-0106,Anthony Garotinho,20/03/2006,34,35,PARCIAL,RESPONDE,PARCIAL,PARCIAL,MAJORITY_2_OF_3
RV-0107,Anthony Garotinho,20/03/2006,36,37,ESQUIVA,PARCIAL,ESQUIVA,ESQUIVA,MAJORITY_2_OF_3
RV-0108,Anthony Garotinho,20/03/2006,38,39,RESPONDE,RESPONDE,RESPONDE,RESPONDE,UNANIMOUS_3_OF_3
RV-0109,Anthony Garotinho,20/03/2006,40,41,PARCIAL,PARCIAL,PARCIAL,PARCIAL,UNANIMOUS_3_OF_3
RV-0110,Anthony Garotinho,20/03/2006,42,43,RESPONDE,RESPONDE,RESPONDE,RESPONDE,UNANIMOUS_3_OF_3
RV-0111,Anthony Garotinho,20/03/2006,44,45,RESPONDE,RESPONDE,RESPONDE,RESPONDE,UNANIMOUS_3_OF_3
RV-0112,Anthony Garotinho,20/03/2006,46,47,RESPONDE,RESPONDE,RESPONDE,RESPONDE,UNANIMOUS_3_OF_3
RV-0113,Anthony Garotinho,20/03/2006,48,49,PARCIAL,RESPONDE,PARCIAL,PARCIAL,MAJORITY_2_OF_3
RV-0114,Anthony Garotinho,20/03/2006,50,52,RESPONDE,RESPONDE,RESPONDE,RESPONDE,UNANIMOUS_3_OF_3
RV-0115,Anthony Garotinho,20/03/2006,53,54,PARCIAL,PARCIAL,ESQUIVA,PARCIAL,MAJORITY_2_OF_3
RV-0116,Anthony Garotinho,20/03/2006,55,56,RESPONDE,PARCIAL,RESPONDE,RESPONDE,MAJORITY_2_OF_3
RV-0117,Anthony Garotinho,20/03/2006,57,58,RESPONDE,RESPONDE,RESPONDE,RESPONDE,UNANIMOUS_3_OF_3
RV-0118,Anthony Garotinho,20/03/2006,59,61,PARCIAL,PARCIAL,RESPONDE,PARCIAL,MAJORITY_2_OF_3
RV-0119,Anthony Garotinho,20/03/2006,62,63,RESPONDE,RESPONDE,RESPONDE,RESPONDE,UNANIMOUS_3_OF_3
RV-0120,Anthony Garotinho,20/03/2006,64,65,RESPONDE,RESPONDE,RESPONDE,RESPONDE,UNANIMOUS_3_OF_3
RV-0121,Anthony Garotinho,20/03/2006,67,68,RESPONDE,RESPONDE,RESPONDE,RESPONDE,UNANIMOUS_3_OF_3
RV-0122,Anthony Garotinho,20/03/2006,71,74,RESPONDE,RESPONDE,RESPONDE,RESPONDE,UNANIMOUS_3_OF_3
RV-0123,Anthony Garotinho,20/03/2006,80,81,RESPONDE,RESPONDE,RESPONDE,RESPONDE,UNANIMOUS_3_OF_3
RV-0124,Anthony Garotinho,20/03/2006,82,83,RESPONDE,RESPONDE,RESPONDE,RESPONDE,UNANIMOUS_3_OF_3
RV-0125,Anthony Garotinho,20/03/2006,92,93,RESPONDE,RESPONDE,RESPONDE,RESPONDE,UNANIMOUS_3_OF_3
RV-0126,Anthony Garotinho,20/03/2006,94,96,RESPONDE,RESPONDE,ESQUIVA,RESPONDE,MAJORITY_2_OF_3
RV-0127,Anthony Garotinho,20/03/2006,98,99,RESPONDE,RESPONDE,PARCIAL,RESPONDE,MAJORITY_2_OF_3
RV-0128,Anthony Garotinho,20/03/2006,100,103,ESQUIVA,RESPONDE,ESQUIVA,ESQUIVA,MAJORITY_2_OF_3
RV-0129,Anthony Garotinho,20/03/2006,110,111,RESPONDE,RESPONDE,RESPONDE,RESPONDE,UNANIMOUS_3_OF_3
RV-0130,Anthony Garotinho,20/03/2006,112,113,RESPONDE,RESPONDE,RESPONDE,RESPONDE,UNANIMOUS_3_OF_3
RV-0131,Anthony Garotinho,20/03/2006,116,118,RESPONDE,RESPONDE,RESPONDE,RESPONDE,UNANIMOUS_3_OF_3
RV-0132,Anthony Garotinho,20/03/2006,119,121,PARCIAL,PARCIAL,PARCIAL,PARCIAL,UNANIMOUS_3_OF_3
RV-0133,Anthony Garotinho,20/03/2006,122,123,PARCIAL,PARCIAL,PARCIAL,PARCIAL,UNANIMOUS_3_OF_3
RV-0134,Anthony Garotinho,20/03/2006,124,125,ESQUIVA,PARCIAL,ESQUIVA,ESQUIVA,MAJORITY_2_OF_3
RV-0135,Anthony Garotinho,20/03/2006,126,127,RESPONDE,RESPONDE,PARCIAL,RESPONDE,MAJORITY_2_OF_3
RV-0136,Anthony Garotinho,20/03/2006,133,136,RESPONDE,RESPONDE,RESPONDE,RESPONDE,UNANIMOUS_3_OF_3
RV-0137,Anthony Garotinho,20/03/2006,141,143,RESPONDE,RESPONDE,ESQUIVA,RESPONDE,MAJORITY_2_OF_3
RV-0138,Anthony Garotinho,20/03/2006,149,150,PARCIAL,PARCIAL,RESPONDE,PARCIAL,MAJORITY_2_OF_3
RV-0139,Anthony Garotinho,20/03/2006,172,173,PARCIAL,PARCIAL,PARCIAL,PARCIAL,UNANIMOUS_3_OF_3
RV-0140,Anthony Garotinho,20/03/2006,175,177,RESPONDE,RESPONDE,RESPONDE,RESPONDE,UNANIMOUS_3_OF_3
RV-0141,Anthony Garotinho,20/03/2006,178,179,PARCIAL,RESPONDE,PARCIAL,PARCIAL,MAJORITY_2_OF_3
RV-0142,Anthony Garotinho,20/03/2006,180,181,PARCIAL,PARCIAL,RESPONDE,PARCIAL,MAJORITY_2_OF_3
RV-0143,Anthony Garotinho,20/03/2006,182,183,RESPONDE,RESPONDE,RESPONDE,RESPONDE,UNANIMOUS_3_OF_3
RV-0144,Anthony Garotinho,20/03/2006,186,187,RESPONDE,RESPONDE,RESPONDE,RESPONDE,UNANIMOUS_3_OF_3
RV-0145,Anthony Garotinho,20/03/2006,188,189,RESPONDE,RESPONDE,RESPONDE,RESPONDE,UNANIMOUS_3_OF_3
RV-0146,Anthony Garotinho,20/03/2006,190,191,ESQUIVA,ESQUIVA,ESQUIVA,ESQUIVA,UNANIMOUS_3_OF_3
RV-0147,Anthony Garotinho,20/03/2006,192,193,PARCIAL,ESQUIVA,PARCIAL,PARCIAL,MAJORITY_2_OF_3
RV-0148,Anthony Garotinho,20/03/2006,194,195,RESPONDE,RESPONDE,RESPONDE,RESPONDE,UNANIMOUS_3_OF_3
RV-0149,Anthony Garotinho,20/03/2006,198,200,RESPONDE,RESPONDE,RESPONDE,RESPONDE,UNANIMOUS_3_OF_3
RV-0150,Anthony Garotinho,20/03/2006,201,202,PARCIAL,PARCIAL,PARCIAL,PARCIAL,UNANIMOUS_3_OF_3
RV-0151,Anthony Garotinho,20/03/2006,203,204,PARCIAL,PARCIAL,PARCIAL,PARCIAL,UNANIMOUS_3_OF_3
RV-0152,Anthony Garotinho,20/03/2006,212,213,RESPONDE,PARCIAL,PARCIAL,PARCIAL,MAJORITY_2_OF_3
RV-0153,Anthony Garotinho,20/03/2006,214,215,RESPONDE,RESPONDE,RESPONDE,RESPONDE,UNANIMOUS_3_OF_3
RV-0154,Anthony Garotinho,20/03/2006,216,217,ESQUIVA,,ESQUIVA,ESQUIVA,AGREEMENT_2_OF_2
RV-0155,Anthony Garotinho,20/03/2006,220,221,RESPONDE,RESPONDE,RESPONDE,RESPONDE,UNANIMOUS_3_OF_3
RV-0156,Anthony Garotinho,20/03/2006,222,223,PARCIAL,PARCIAL,RESPONDE,PARCIAL,MAJORITY_2_OF_3
RV-0157,Anthony Garotinho,20/03/2006,224,225,RESPONDE,RESPONDE,RESPONDE,RESPONDE,UNANIMOUS_3_OF_3
RV-0158,Anthony Garotinho,20/03/2006,226,227,PARCIAL,PARCIAL,ESQUIVA,PARCIAL,MAJORITY_2_OF_3
RV-0159,Anthony Garotinho,20/03/2006,230,231,RESPONDE,RESPONDE,RESPONDE,RESPONDE,UNANIMOUS_3_OF_3
RV-0160,Anthony Garotinho,20/03/2006,236,237,PARCIAL,PARCIAL,RESPONDE,PARCIAL,MAJORITY_2_OF_3
RV-0161,Anthony Garotinho,20/03/2006,240,241,RESPONDE,RESPONDE,RESPONDE,RESPONDE,UNANIMOUS_3_OF_3
RV-0162,Anthony Garotinho,20/03/2006,242,243,RESPONDE,RESPONDE,RESPONDE,RESPONDE,UNANIMOUS_3_OF_3
RV-0163,Anthony Garotinho,20/03/2006,244,245,RESPONDE,RESPONDE,RESPONDE,RESPONDE,UNANIMOUS_3_OF_3
RV-0164,Anthony Garotinho,20/03/2006,246,247,PARCIAL,RESPONDE,PARCIAL,PARCIAL,MAJORITY_2_OF_3
RV-0165,Anthony Garotinho,20/03/2006,248,249,ESQUIVA,,ESQUIVA,ESQUIVA,AGREEMENT_2_OF_2
RV-0166,Anthony Garotinho,20/03/2006,254,255,PARCIAL,,PARCIAL,PARCIAL,AGREEMENT_2_OF_2
RV-0167,Anthony Garotinho,20/03/2006,256,257,PARCIAL,PARCIAL,RESPONDE,PARCIAL,MAJORITY_2_OF_3
RV-0168,Anthony Garotinho,20/03/2006,258,259,RESPONDE,RESPONDE,RESPONDE,RESPONDE,UNANIMOUS_3_OF_3
RV-0169,Anthony Garotinho,20/03/2006,262,263,RESPONDE,RESPONDE,RESPONDE,RESPONDE,UNANIMOUS_3_OF_3
RV-0170,Anthony Garotinho,20/03/2006,266,267,PARCIAL,PARCIAL,PARCIAL,PARCIAL,UNANIMOUS_3_OF_3
RV-0171,Anthony Garotinho,20/03/2006,272,273,RESPONDE,RESPONDE,RESPONDE,RESPONDE,UNANIMOUS_3_OF_3
RV-0172,Anthony Garotinho,20/03/2006,274,276,PARCIAL,PARCIAL,PARCIAL,PARCIAL,UNANIMOUS_3_OF_3
RV-0173,Anthony Garotinho,20/03/2006,281,282,ESQUIVA,,ESQUIVA,ESQUIVA,AGREEMENT_2_OF_2
RV-0174,Anthony Garotinho,20/03/2006,287,288,RESPONDE,RESPONDE,RESPONDE,RESPONDE,UNANIMOUS_3_OF_3
RV-0175,Ciro Gomes,14/02/2005,2,4,RESPONDE,RESPONDE,RESPONDE,RESPONDE,UNANIMOUS_3_OF_3
RV-0176,Ciro Gomes,14/02/2005,5,6,PARCIAL,PARCIAL,PARCIAL,PARCIAL,UNANIMOUS_3_OF_3
RV-0177,Ciro Gomes,14/02/2005,7,8,PARCIAL,PARCIAL,PARCIAL,PARCIAL,UNANIMOUS_3_OF_3
RV-0178,Ciro Gomes,14/02/2005,9,10,PARCIAL,PARCIAL,PARCIAL,PARCIAL,UNANIMOUS_3_OF_3
RV-0179,Ciro Gomes,14/02/2005,15,16,RESPONDE,RESPONDE,RESPONDE,RESPONDE,UNANIMOUS_3_OF_3
RV-0180,Ciro Gomes,14/02/2005,25,26,RESPONDE,RESPONDE,RESPONDE,RESPONDE,UNANIMOUS_3_OF_3
RV-0181,Ciro Gomes,14/02/2005,35,36,RESPONDE,RESPONDE,RESPONDE,RESPONDE,UNANIMOUS_3_OF_3
RV-0182,Ciro Gomes,14/02/2005,37,39,RESPONDE,RESPONDE,RESPONDE,RESPONDE,UNANIMOUS_3_OF_3
RV-0183,Ciro Gomes,14/02/2005,40,41,PARCIAL,PARCIAL,PARCIAL,PARCIAL,UNANIMOUS_3_OF_3
RV-0184,Ciro Gomes,14/02/2005,44,45,RESPONDE,RESPONDE,RESPONDE,RESPONDE,UNANIMOUS_3_OF_3
RV-0185,Ciro Gomes,14/02/2005,46,47,RESPONDE,PARCIAL,RESPONDE,RESPONDE,MAJORITY_2_OF_3
RV-0186,Ciro Gomes,14/02/2005,48,49,RESPONDE,RESPONDE,RESPONDE,RESPONDE,UNANIMOUS_3_OF_3
RV-0187,Ciro Gomes,14/02/2005,50,51,PARCIAL,PARCIAL,PARCIAL,PARCIAL,UNANIMOUS_3_OF_3
RV-0188,Ciro Gomes,14/02/2005,54,55,RESPONDE,RESPONDE,RESPONDE,RESPONDE,UNANIMOUS_3_OF_3
RV-0189,Ciro Gomes,14/02/2005,58,59,RESPONDE,PARCIAL,RESPONDE,RESPONDE,MAJORITY_2_OF_3
RV-0190,Ciro Gomes,14/02/2005,62,63,RESPONDE,RESPONDE,RESPONDE,RESPONDE,UNANIMOUS_3_OF_3
RV-0191,Ciro Gomes,14/02/2005,66,67,RESPONDE,RESPONDE,PARCIAL,RESPONDE,MAJORITY_2_OF_3
RV-0192,Ciro Gomes,14/02/2005,76,77,RESPONDE,RESPONDE,RESPONDE,RESPONDE,UNANIMOUS_3_OF_3
RV-0193,Ciro Gomes,14/02/2005,78,79,RESPONDE,RESPONDE,RESPONDE,RESPONDE,UNANIMOUS_3_OF_3
RV-0194,Ciro Gomes,14/02/2005,88,89,RESPONDE,RESPONDE,PARCIAL,RESPONDE,MAJORITY_2_OF_3
RV-0195,Ciro Gomes,14/02/2005,90,91,ESQUIVA,,ESQUIVA,ESQUIVA,AGREEMENT_2_OF_2
RV-0196,Ciro Gomes,14/02/2005,110,111,RESPONDE,RESPONDE,PARCIAL,RESPONDE,MAJORITY_2_OF_3
RV-0197,Ciro Gomes,14/02/2005,126,127,,,ESQUIVA,,INSUFFICIENT
RV-0198,Ciro Gomes,14/02/2005,128,129,ESQUIVA,,ESQUIVA,ESQUIVA,AGREEMENT_2_OF_2
RV-0199,Ciro Gomes,14/02/2005,130,131,,,ESQUIVA,,INSUFFICIENT
RV-0200,Ciro Gomes,14/02/2005,132,133,RESPONDE,RESPONDE,RESPONDE,RESPONDE,UNANIMOUS_3_OF_3
RV-0201,Ciro Gomes,14/02/2005,146,147,RESPONDE,RESPONDE,RESPONDE,RESPONDE,UNANIMOUS_3_OF_3
RV-0202,Ciro Gomes,14/02/2005,148,149,RESPONDE,RESPONDE,RESPONDE,RESPONDE,UNANIMOUS_3_OF_3
RV-0203,Ciro Gomes,14/02/2005,158,159,RESPONDE,RESPONDE,PARCIAL,RESPONDE,MAJORITY_2_OF_3
RV-0204,Ciro Gomes,14/02/2005,176,177,RESPONDE,RESPONDE,ESQUIVA,RESPONDE,MAJORITY_2_OF_3
RV-0205,Ciro Gomes,14/02/2005,179,180,RESPONDE,RESPONDE,RESPONDE,RESPONDE,UNANIMOUS_3_OF_3
RV-0206,Ciro Gomes,14/02/2005,181,182,RESPONDE,RESPONDE,RESPONDE,RESPONDE,UNANIMOUS_3_OF_3
RV-0207,Ciro Gomes,14/02/2005,185,186,RESPONDE,RESPONDE,RESPONDE,RESPONDE,UNANIMOUS_3_OF_3
RV-0208,Ciro Gomes,14/02/2005,187,188,RESPONDE,RESPONDE,RESPONDE,RESPONDE,UNANIMOUS_3_OF_3
RV-0209,Ciro Gomes,14/02/2005,189,190,PARCIAL,PARCIAL,PARCIAL,PARCIAL,UNANIMOUS_3_OF_3
RV-0210,Fernando Collor de Mello,08/08/1989,2,3,PARCIAL,PARCIAL,PARCIAL,PARCIAL,UNANIMOUS_3_OF_3
RV-0211,Fernando Collor de Mello,08/08/1989,5,6,PARCIAL,PARCIAL,PARCIAL,PARCIAL,UNANIMOUS_3_OF_3
RV-0212,Fernando Collor de Mello,08/08/1989,7,8,RESPONDE,RESPONDE,RESPONDE,RESPONDE,UNANIMOUS_3_OF_3
RV-0213,Fernando Collor de Mello,08/08/1989,10,11,RESPONDE,RESPONDE,ESQUIVA,RESPONDE,MAJORITY_2_OF_3
RV-0214,Fernando Collor de Mello,08/08/1989,12,13,PARCIAL,PARCIAL,PARCIAL,PARCIAL,UNANIMOUS_3_OF_3
RV-0215,Fernando Collor de Mello,08/08/1989,19,20,ESQUIVA,PARCIAL,ESQUIVA,ESQUIVA,MAJORITY_2_OF_3
RV-0216,Fernando Collor de Mello,08/08/1989,24,26,PARCIAL,PARCIAL,ESQUIVA,PARCIAL,MAJORITY_2_OF_3
RV-0217,Fernando Collor de Mello,08/08/1989,29,30,PARCIAL,RESPONDE,RESPONDE,RESPONDE,MAJORITY_2_OF_3
RV-0218,Fernando Collor de Mello,08/08/1989,31,32,PARCIAL,PARCIAL,PARCIAL,PARCIAL,UNANIMOUS_3_OF_3
RV-0219,Fernando Collor de Mello,08/08/1989,33,34,PARCIAL,PARCIAL,PARCIAL,PARCIAL,UNANIMOUS_3_OF_3
RV-0220,Fernando Collor de Mello,08/08/1989,36,37,PARCIAL,RESPONDE,RESPONDE,RESPONDE,MAJORITY_2_OF_3
RV-0221,Fernando Collor de Mello,08/08/1989,39,40,PARCIAL,PARCIAL,PARCIAL,PARCIAL,UNANIMOUS_3_OF_3
RV-0222,Fernando Collor de Mello,08/08/1989,41,42,RESPONDE,PARCIAL,ESQUIVA,,ADJUDICATION_REQUIRED
RV-0223,Fernando Collor de Mello,08/08/1989,47,48,PARCIAL,RESPONDE,RESPONDE,RESPONDE,MAJORITY_2_OF_3
RV-0224,Fernando Collor de Mello,08/08/1989,57,58,RESPONDE,RESPONDE,RESPONDE,RESPONDE,UNANIMOUS_3_OF_3
RV-0225,Fernando Collor de Mello,08/08/1989,61,62,PARCIAL,RESPONDE,RESPONDE,RESPONDE,MAJORITY_2_OF_3
RV-0226,Fernando Collor de Mello,08/08/1989,65,66,PARCIAL,PARCIAL,PARCIAL,PARCIAL,UNANIMOUS_3_OF_3
RV-0227,Fernando Collor de Mello,08/08/1989,67,69,PARCIAL,PARCIAL,PARCIAL,PARCIAL,UNANIMOUS_3_OF_3
RV-0228,Fernando Collor de Mello,08/08/1989,70,71,PARCIAL,RESPONDE,RESPONDE,RESPONDE,MAJORITY_2_OF_3
RV-0229,Fernando Collor de Mello,08/08/1989,72,73,ESQUIVA,ESQUIVA,ESQUIVA,ESQUIVA,UNANIMOUS_3_OF_3
RV-0230,Fernando Collor de Mello,08/08/1989,76,77,RESPONDE,RESPONDE,RESPONDE,RESPONDE,UNANIMOUS_3_OF_3
RV-0231,Fernando Collor de Mello,08/08/1989,78,79,RESPONDE,RESPONDE,RESPONDE,RESPONDE,UNANIMOUS_3_OF_3
RV-0232,Fernando Collor de Mello,08/08/1989,83,84,RESPONDE,RESPONDE,RESPONDE,RESPONDE,UNANIMOUS_3_OF_3
RV-0233,Fernando Collor de Mello,08/08/1989,88,89,PARCIAL,PARCIAL,PARCIAL,PARCIAL,UNANIMOUS_3_OF_3
RV-0234,Fernando Collor de Mello,08/08/1989,90,91,RESPONDE,RESPONDE,RESPONDE,RESPONDE,UNANIMOUS_3_OF_3
RV-0235,Fernando Collor de Mello,08/08/1989,92,93,RESPONDE,RESPONDE,RESPONDE,RESPONDE,UNANIMOUS_3_OF_3
RV-0236,Fernando Collor de Mello,08/08/1989,94,95,RESPONDE,RESPONDE,RESPONDE,RESPONDE,UNANIMOUS_3_OF_3
RV-0237,Fernando Collor de Mello,08/08/1989,96,97,RESPONDE,RESPONDE,RESPONDE,RESPONDE,UNANIMOUS_3_OF_3
RV-0238,Fernando Collor de Mello,08/08/1989,98,99,RESPONDE,RESPONDE,RESPONDE,RESPONDE,UNANIMOUS_3_OF_3
RV-0239,Fernando Collor de Mello,08/08/1989,100,101,PARCIAL,PARCIAL,PARCIAL,PARCIAL,UNANIMOUS_3_OF_3
RV-0240,Fernando Collor de Mello,08/08/1989,107,108,ESQUIVA,PARCIAL,PARCIAL,PARCIAL,MAJORITY_2_OF_3
RV-0241,Fernando Collor de Mello,08/08/1989,109,110,RESPONDE,RESPONDE,RESPONDE,RESPONDE,UNANIMOUS_3_OF_3
RV-0242,Fernando Collor de Mello,08/08/1989,111,112,PARCIAL,PARCIAL,PARCIAL,PARCIAL,UNANIMOUS_3_OF_3
RV-0243,Fernando Collor de Mello,08/08/1989,113,114,PARCIAL,PARCIAL,PARCIAL,PARCIAL,UNANIMOUS_3_OF_3
RV-0244,Fernando Collor de Mello,08/08/1989,115,116,ESQUIVA,,,,INSUFFICIENT
RV-0245,Fernando Collor de Mello,08/08/1989,119,120,RESPONDE,RESPONDE,RESPONDE,RESPONDE,UNANIMOUS_3_OF_3
RV-0246,Fernando Collor de Mello,08/08/1989,122,123,PARCIAL,RESPONDE,RESPONDE,RESPONDE,MAJORITY_2_OF_3
RV-0247,Fernando Collor de Mello,08/08/1989,126,127,RESPONDE,RESPONDE,RESPONDE,RESPONDE,UNANIMOUS_3_OF_3
RV-0248,Fernando Collor de Mello,08/08/1989,132,133,RESPONDE,RESPONDE,RESPONDE,RESPONDE,UNANIMOUS_3_OF_3
RV-0249,Fernando Collor de Mello,08/08/1989,141,143,PARCIAL,PARCIAL,PARCIAL,PARCIAL,UNANIMOUS_3_OF_3
RV-0250,Fernando Collor de Mello,08/08/1989,146,147,PARCIAL,PARCIAL,PARCIAL,PARCIAL,UNANIMOUS_3_OF_3
RV-0251,Fernando Collor de Mello,08/08/1989,149,150,PARCIAL,PARCIAL,PARCIAL,PARCIAL,UNANIMOUS_3_OF_3
RV-0252,José Dirceu,24/10/2005,1,4,RESPONDE,RESPONDE,RESPONDE,RESPONDE,UNANIMOUS_3_OF_3
RV-0253,José Dirceu,24/10/2005,5,6,RESPONDE,RESPONDE,RESPONDE,RESPONDE,UNANIMOUS_3_OF_3
RV-0254,José Dirceu,24/10/2005,7,8,PARCIAL,PARCIAL,PARCIAL,PARCIAL,UNANIMOUS_3_OF_3
RV-0255,José Dirceu,24/10/2005,9,10,PARCIAL,PARCIAL,PARCIAL,PARCIAL,UNANIMOUS_3_OF_3
RV-0256,José Dirceu,24/10/2005,13,14,RESPONDE,RESPONDE,RESPONDE,RESPONDE,UNANIMOUS_3_OF_3
RV-0257,José Dirceu,24/10/2005,15,16,PARCIAL,PARCIAL,PARCIAL,PARCIAL,UNANIMOUS_3_OF_3
RV-0258,José Dirceu,24/10/2005,17,18,PARCIAL,PARCIAL,PARCIAL,PARCIAL,UNANIMOUS_3_OF_3
RV-0259,José Dirceu,24/10/2005,19,20,RESPONDE,RESPONDE,RESPONDE,RESPONDE,UNANIMOUS_3_OF_3
RV-0260,José Dirceu,24/10/2005,21,22,RESPONDE,RESPONDE,RESPONDE,RESPONDE,UNANIMOUS_3_OF_3
RV-0261,José Dirceu,24/10/2005,23,24,RESPONDE,RESPONDE,RESPONDE,RESPONDE,UNANIMOUS_3_OF_3
RV-0262,José Dirceu,24/10/2005,25,26,ESQUIVA,RESPONDE,RESPONDE,RESPONDE,MAJORITY_2_OF_3
RV-0263,José Dirceu,24/10/2005,29,30,RESPONDE,RESPONDE,RESPONDE,RESPONDE,UNANIMOUS_3_OF_3
RV-0264,José Dirceu,24/10/2005,33,34,RESPONDE,RESPONDE,RESPONDE,RESPONDE,UNANIMOUS_3_OF_3
RV-0265,José Dirceu,24/10/2005,35,36,RESPONDE,RESPONDE,RESPONDE,RESPONDE,UNANIMOUS_3_OF_3
RV-0266,José Dirceu,24/10/2005,37,38,PARCIAL,PARCIAL,PARCIAL,PARCIAL,UNANIMOUS_3_OF_3
RV-0267,José Dirceu,24/10/2005,39,40,PARCIAL,RESPONDE,RESPONDE,RESPONDE,MAJORITY_2_OF_3
RV-0268,José Dirceu,24/10/2005,41,42,RESPONDE,RESPONDE,RESPONDE,RESPONDE,UNANIMOUS_3_OF_3
RV-0269,José Dirceu,24/10/2005,47,48,RESPONDE,RESPONDE,RESPONDE,RESPONDE,UNANIMOUS_3_OF_3
RV-0270,José Dirceu,24/10/2005,51,52,PARCIAL,PARCIAL,PARCIAL,PARCIAL,UNANIMOUS_3_OF_3
RV-0271,José Dirceu,24/10/2005,57,58,RESPONDE,RESPONDE,RESPONDE,RESPONDE,UNANIMOUS_3_OF_3
RV-0272,José Dirceu,24/10/2005,59,60,RESPONDE,RESPONDE,RESPONDE,RESPONDE,UNANIMOUS_3_OF_3
RV-0273,José Dirceu,24/10/2005,61,62,PARCIAL,PARCIAL,PARCIAL,PARCIAL,UNANIMOUS_3_OF_3
RV-0274,José Dirceu,24/10/2005,63,64,RESPONDE,RESPONDE,RESPONDE,RESPONDE,UNANIMOUS_3_OF_3
RV-0275,José Dirceu,24/10/2005,71,72,PARCIAL,RESPONDE,RESPONDE,RESPONDE,MAJORITY_2_OF_3
RV-0276,José Dirceu,24/10/2005,73,74,PARCIAL,RESPONDE,RESPONDE,RESPONDE,MAJORITY_2_OF_3
RV-0277,José Dirceu,24/10/2005,75,76,RESPONDE,RESPONDE,RESPONDE,RESPONDE,UNANIMOUS_3_OF_3
RV-0278,José Dirceu,24/10/2005,83,84,RESPONDE,RESPONDE,RESPONDE,RESPONDE,UNANIMOUS_3_OF_3
RV-0279,José Dirceu,24/10/2005,85,86,PARCIAL,PARCIAL,PARCIAL,PARCIAL,UNANIMOUS_3_OF_3
RV-0280,José Dirceu,24/10/2005,87,88,PARCIAL,PARCIAL,PARCIAL,PARCIAL,UNANIMOUS_3_OF_3
RV-0281,José Dirceu,24/10/2005,91,92,RESPONDE,RESPONDE,RESPONDE,RESPONDE,UNANIMOUS_3_OF_3
RV-0282,José Dirceu,24/10/2005,93,94,PARCIAL,PARCIAL,PARCIAL,PARCIAL,UNANIMOUS_3_OF_3
RV-0283,José Dirceu,24/10/2005,95,96,RESPONDE,RESPONDE,RESPONDE,RESPONDE,UNANIMOUS_3_OF_3
RV-0284,José Dirceu,24/10/2005,97,98,RESPONDE,PARCIAL,PARCIAL,PARCIAL,MAJORITY_2_OF_3
RV-0285,José Dirceu,24/10/2005,99,100,PARCIAL,PARCIAL,PARCIAL,PARCIAL,UNANIMOUS_3_OF_3
RV-0286,José Dirceu,24/10/2005,101,103,PARCIAL,PARCIAL,PARCIAL,PARCIAL,UNANIMOUS_3_OF_3
RV-0287,José Dirceu,24/10/2005,105,106,PARCIAL,PARCIAL,PARCIAL,PARCIAL,UNANIMOUS_3_OF_3
RV-0288,José Dirceu,24/10/2005,107,108,PARCIAL,PARCIAL,PARCIAL,PARCIAL,UNANIMOUS_3_OF_3
RV-0289,José Dirceu,24/10/2005,109,110,PARCIAL,PARCIAL,PARCIAL,PARCIAL,UNANIMOUS_3_OF_3
RV-0290,José Dirceu,24/10/2005,111,112,RESPONDE,PARCIAL,PARCIAL,PARCIAL,MAJORITY_2_OF_3
RV-0291,José Dirceu,24/10/2005,115,116,RESPONDE,RESPONDE,RESPONDE,RESPONDE,UNANIMOUS_3_OF_3
RV-0292,José Dirceu,24/10/2005,117,118,,RESPONDE,RESPONDE,RESPONDE,AGREEMENT_2_OF_2
RV-0293,José Dirceu,24/10/2005,123,124,RESPONDE,RESPONDE,RESPONDE,RESPONDE,UNANIMOUS_3_OF_3
RV-0294,José Dirceu,24/10/2005,127,128,RESPONDE,RESPONDE,RESPONDE,RESPONDE,UNANIMOUS_3_OF_3
RV-0295,José Dirceu,24/10/2005,129,130,RESPONDE,RESPONDE,RESPONDE,RESPONDE,UNANIMOUS_3_OF_3
RV-0296,José Dirceu,24/10/2005,131,132,RESPONDE,RESPONDE,RESPONDE,RESPONDE,UNANIMOUS_3_OF_3
RV-0297,José Dirceu,24/10/2005,135,136,RESPONDE,PARCIAL,PARCIAL,PARCIAL,MAJORITY_2_OF_3
RV-0298,José Dirceu,24/10/2005,138,139,RESPONDE,RESPONDE,RESPONDE,RESPONDE,UNANIMOUS_3_OF_3
RV-0299,José Dirceu,24/10/2005,142,143,PARCIAL,RESPONDE,RESPONDE,RESPONDE,MAJORITY_2_OF_3
RV-0300,José Dirceu,24/10/2005,144,145,RESPONDE,RESPONDE,RESPONDE,RESPONDE,UNANIMOUS_3_OF_3
RV-0301,José Dirceu,24/10/2005,146,147,PARCIAL,PARCIAL,PARCIAL,PARCIAL,UNANIMOUS_3_OF_3
RV-0302,José Dirceu,24/10/2005,149,150,PARCIAL,PARCIAL,PARCIAL,PARCIAL,UNANIMOUS_3_OF_3
RV-0303,José Dirceu,24/10/2005,151,152,RESPONDE,RESPONDE,RESPONDE,RESPONDE,UNANIMOUS_3_OF_3
RV-0304,José Dirceu,24/10/2005,153,154,RESPONDE,RESPONDE,RESPONDE,RESPONDE,UNANIMOUS_3_OF_3
RV-0305,José Dirceu,24/10/2005,157,158,RESPONDE,RESPONDE,RESPONDE,RESPONDE,UNANIMOUS_3_OF_3
RV-0306,José Dirceu,24/10/2005,159,160,PARCIAL,PARCIAL,PARCIAL,PARCIAL,UNANIMOUS_3_OF_3
RV-0307,José Dirceu,24/10/2005,161,162,RESPONDE,RESPONDE,RESPONDE,RESPONDE,UNANIMOUS_3_OF_3
RV-0308,José Dirceu,24/10/2005,163,164,RESPONDE,RESPONDE,RESPONDE,RESPONDE,UNANIMOUS_3_OF_3
RV-0309,José Dirceu,24/10/2005,165,166,RESPONDE,RESPONDE,RESPONDE,RESPONDE,UNANIMOUS_3_OF_3
RV-0310,José Dirceu,24/10/2005,169,170,RESPONDE,RESPONDE,RESPONDE,RESPONDE,UNANIMOUS_3_OF_3
RV-0311,José Dirceu,24/10/2005,171,172,PARCIAL,RESPONDE,RESPONDE,RESPONDE,MAJORITY_2_OF_3
RV-0312,José Dirceu,24/10/2005,173,174,RESPONDE,RESPONDE,RESPONDE,RESPONDE,UNANIMOUS_3_OF_3
RV-0313,José Dirceu,24/10/2005,175,176,RESPONDE,RESPONDE,RESPONDE,RESPONDE,UNANIMOUS_3_OF_3
RV-0314,José Dirceu,24/10/2005,179,180,RESPONDE,RESPONDE,RESPONDE,RESPONDE,UNANIMOUS_3_OF_3
RV-0315,José Dirceu,24/10/2005,185,186,RESPONDE,RESPONDE,RESPONDE,RESPONDE,UNANIMOUS_3_OF_3
RV-0316,José Dirceu,24/10/2005,187,188,PARCIAL,RESPONDE,RESPONDE,RESPONDE,MAJORITY_2_OF_3
RV-0317,José Dirceu,24/10/2005,189,190,RESPONDE,RESPONDE,RESPONDE,RESPONDE,UNANIMOUS_3_OF_3
RV-0318,José Dirceu,24/10/2005,195,196,RESPONDE,PARCIAL,PARCIAL,PARCIAL,MAJORITY_2_OF_3
RV-0319,José Dirceu,24/10/2005,197,198,PARCIAL,PARCIAL,PARCIAL,PARCIAL,UNANIMOUS_3_OF_3
RV-0320,José Dirceu,24/10/2005,201,202,RESPONDE,RESPONDE,RESPONDE,RESPONDE,UNANIMOUS_3_OF_3
RV-0321,José Dirceu,24/10/2005,203,204,PARCIAL,RESPONDE,RESPONDE,RESPONDE,MAJORITY_2_OF_3
RV-0322,José Dirceu,24/10/2005,205,206,RESPONDE,RESPONDE,RESPONDE,RESPONDE,UNANIMOUS_3_OF_3
RV-0323,José Dirceu,24/10/2005,207,208,RESPONDE,RESPONDE,RESPONDE,RESPONDE,UNANIMOUS_3_OF_3
RV-0324,José Dirceu,24/10/2005,209,210,RESPONDE,PARCIAL,PARCIAL,PARCIAL,MAJORITY_2_OF_3
RV-0325,José Dirceu,24/10/2005,213,214,RESPONDE,RESPONDE,RESPONDE,RESPONDE,UNANIMOUS_3_OF_3
RV-0326,José Dirceu,24/10/2005,215,216,RESPONDE,RESPONDE,RESPONDE,RESPONDE,UNANIMOUS_3_OF_3
RV-0327,José Dirceu,24/10/2005,217,218,RESPONDE,PARCIAL,PARCIAL,PARCIAL,MAJORITY_2_OF_3
RV-0328,José Dirceu,24/10/2005,223,224,RESPONDE,RESPONDE,RESPONDE,RESPONDE,UNANIMOUS_3_OF_3
RV-0329,José Dirceu,24/10/2005,227,228,PARCIAL,RESPONDE,RESPONDE,RESPONDE,MAJORITY_2_OF_3
RV-0330,José Dirceu,24/10/2005,229,230,PARCIAL,PARCIAL,PARCIAL,PARCIAL,UNANIMOUS_3_OF_3
RV-0331,José Dirceu,24/10/2005,233,234,RESPONDE,RESPONDE,RESPONDE,RESPONDE,UNANIMOUS_3_OF_3
RV-0332,José Dirceu,24/10/2005,237,238,PARCIAL,RESPONDE,RESPONDE,RESPONDE,MAJORITY_2_OF_3
RV-0333,José Dirceu,24/10/2005,241,243,PARCIAL,PARCIAL,PARCIAL,PARCIAL,UNANIMOUS_3_OF_3
RV-0334,José Dirceu,24/10/2005,244,245,PARCIAL,RESPONDE,RESPONDE,RESPONDE,MAJORITY_2_OF_3
RV-0335,José Dirceu,24/10/2005,246,247,RESPONDE,RESPONDE,RESPONDE,RESPONDE,UNANIMOUS_3_OF_3
RV-0336,José Dirceu,24/10/2005,248,249,RESPONDE,RESPONDE,RESPONDE,RESPONDE,UNANIMOUS_3_OF_3
RV-0337,José Dirceu,24/10/2005,252,254,PARCIAL,PARCIAL,PARCIAL,PARCIAL,UNANIMOUS_3_OF_3
RV-0338,José Dirceu,24/10/2005,255,256,RESPONDE,RESPONDE,RESPONDE,RESPONDE,UNANIMOUS_3_OF_3
RV-0339,José Dirceu,24/10/2005,257,259,PARCIAL,PARCIAL,PARCIAL,PARCIAL,UNANIMOUS_3_OF_3
RV-0340,José Dirceu,24/10/2005,260,261,RESPONDE,RESPONDE,RESPONDE,RESPONDE,UNANIMOUS_3_OF_3
RV-0341,José Dirceu,24/10/2005,264,265,RESPONDE,PARCIAL,PARCIAL,PARCIAL,MAJORITY_2_OF_3
RV-0342,José Dirceu,24/10/2005,270,271,PARCIAL,PARCIAL,PARCIAL,PARCIAL,UNANIMOUS_3_OF_3
RV-0343,José Dirceu,24/10/2005,276,277,RESPONDE,RESPONDE,RESPONDE,RESPONDE,UNANIMOUS_3_OF_3
RV-0344,José Dirceu,24/10/2005,278,279,RESPONDE,RESPONDE,RESPONDE,RESPONDE,UNANIMOUS_3_OF_3
RV-0345,José Dirceu,24/10/2005,280,281,PARCIAL,PARCIAL,PARCIAL,PARCIAL,UNANIMOUS_3_OF_3
RV-0346,José Dirceu,24/10/2005,282,283,PARCIAL,PARCIAL,PARCIAL,PARCIAL,UNANIMOUS_3_OF_3
RV-0347,José Dirceu,24/10/2005,284,285,RESPONDE,RESPONDE,RESPONDE,RESPONDE,UNANIMOUS_3_OF_3
RV-0348,José Dirceu,24/10/2005,286,287,RESPONDE,RESPONDE,RESPONDE,RESPONDE,UNANIMOUS_3_OF_3
RV-0349,José Dirceu,24/10/2005,288,290,PARCIAL,,,,INSUFFICIENT
RV-0350,José Dirceu,24/10/2005,291,292,RESPONDE,RESPONDE,RESPONDE,RESPONDE,UNANIMOUS_3_OF_3
RV-0351,José Dirceu,24/10/2005,293,294,RESPONDE,RESPONDE,RESPONDE,RESPONDE,UNANIMOUS_3_OF_3
RV-0352,José Dirceu,24/10/2005,295,296,RESPONDE,PARCIAL,PARCIAL,PARCIAL,MAJORITY_2_OF_3
RV-0353,José Dirceu,24/10/2005,297,298,RESPONDE,RESPONDE,RESPONDE,RESPONDE,UNANIMOUS_3_OF_3
RV-0354,José Serra,17/05/2004,1,4,,RESPONDE,RESPONDE,RESPONDE,AGREEMENT_2_OF_2
RV-0355,José Serra,17/05/2004,5,6,RESPONDE,RESPONDE,RESPONDE,RESPONDE,UNANIMOUS_3_OF_3
RV-0356,José Serra,17/05/2004,7,8,RESPONDE,RESPONDE,RESPONDE,RESPONDE,UNANIMOUS_3_OF_3
RV-0357,José Serra,17/05/2004,9,10,PARCIAL,PARCIAL,PARCIAL,PARCIAL,UNANIMOUS_3_OF_3
RV-0358,José Serra,17/05/2004,11,12,PARCIAL,PARCIAL,PARCIAL,PARCIAL,UNANIMOUS_3_OF_3
RV-0359,José Serra,17/05/2004,15,16,RESPONDE,RESPONDE,RESPONDE,RESPONDE,UNANIMOUS_3_OF_3
RV-0360,José Serra,17/05/2004,18,19,RESPONDE,PARCIAL,PARCIAL,PARCIAL,MAJORITY_2_OF_3
RV-0361,José Serra,17/05/2004,20,21,PARCIAL,PARCIAL,PARCIAL,PARCIAL,UNANIMOUS_3_OF_3
RV-0362,José Serra,17/05/2004,22,23,PARCIAL,PARCIAL,PARCIAL,PARCIAL,UNANIMOUS_3_OF_3
RV-0363,José Serra,17/05/2004,24,25,PARCIAL,PARCIAL,PARCIAL,PARCIAL,UNANIMOUS_3_OF_3
RV-0364,José Serra,17/05/2004,26,27,RESPONDE,RESPONDE,RESPONDE,RESPONDE,UNANIMOUS_3_OF_3
RV-0365,José Serra,17/05/2004,28,29,RESPONDE,RESPONDE,RESPONDE,RESPONDE,UNANIMOUS_3_OF_3
RV-0366,José Serra,17/05/2004,30,32,PARCIAL,PARCIAL,PARCIAL,PARCIAL,UNANIMOUS_3_OF_3
RV-0367,José Serra,17/05/2004,33,34,,,,,INSUFFICIENT
RV-0368,José Serra,17/05/2004,35,36,RESPONDE,RESPONDE,RESPONDE,RESPONDE,UNANIMOUS_3_OF_3
RV-0369,José Serra,17/05/2004,37,38,PARCIAL,RESPONDE,RESPONDE,RESPONDE,MAJORITY_2_OF_3
RV-0370,José Serra,17/05/2004,41,42,RESPONDE,RESPONDE,RESPONDE,RESPONDE,UNANIMOUS_3_OF_3
RV-0371,José Serra,17/05/2004,52,53,RESPONDE,RESPONDE,RESPONDE,RESPONDE,UNANIMOUS_3_OF_3
RV-0372,José Serra,17/05/2004,54,55,,RESPONDE,RESPONDE,RESPONDE,AGREEMENT_2_OF_2
RV-0373,José Serra,17/05/2004,56,57,,RESPONDE,RESPONDE,RESPONDE,AGREEMENT_2_OF_2
RV-0374,José Serra,17/05/2004,66,67,,RESPONDE,RESPONDE,RESPONDE,AGREEMENT_2_OF_2
RV-0375,José Serra,17/05/2004,70,71,RESPONDE,RESPONDE,RESPONDE,RESPONDE,UNANIMOUS_3_OF_3
RV-0376,José Serra,17/05/2004,74,75,,PARCIAL,PARCIAL,PARCIAL,AGREEMENT_2_OF_2
RV-0377,José Serra,17/05/2004,76,77,PARCIAL,PARCIAL,PARCIAL,PARCIAL,UNANIMOUS_3_OF_3
RV-0378,José Serra,17/05/2004,78,79,RESPONDE,PARCIAL,PARCIAL,PARCIAL,MAJORITY_2_OF_3
RV-0379,José Serra,17/05/2004,80,81,RESPONDE,RESPONDE,RESPONDE,RESPONDE,UNANIMOUS_3_OF_3
RV-0380,José Serra,17/05/2004,86,87,,PARCIAL,PARCIAL,PARCIAL,AGREEMENT_2_OF_2
RV-0381,José Serra,17/05/2004,88,89,,ESQUIVA,ESQUIVA,ESQUIVA,AGREEMENT_2_OF_2
RV-0382,José Serra,17/05/2004,90,91,,RESPONDE,RESPONDE,RESPONDE,AGREEMENT_2_OF_2
RV-0383,José Serra,17/05/2004,92,93,,RESPONDE,RESPONDE,RESPONDE,AGREEMENT_2_OF_2
RV-0384,José Serra,17/05/2004,94,95,,PARCIAL,PARCIAL,PARCIAL,AGREEMENT_2_OF_2
RV-0385,José Serra,17/05/2004,100,101,RESPONDE,PARCIAL,PARCIAL,PARCIAL,MAJORITY_2_OF_3
RV-0386,José Serra,17/05/2004,104,105,,RESPONDE,RESPONDE,RESPONDE,AGREEMENT_2_OF_2
RV-0387,José Serra,17/05/2004,106,107,PARCIAL,RESPONDE,RESPONDE,RESPONDE,MAJORITY_2_OF_3
RV-0388,José Serra,17/05/2004,108,109,,RESPONDE,RESPONDE,RESPONDE,AGREEMENT_2_OF_2
RV-0389,José Serra,17/05/2004,116,117,RESPONDE,PARCIAL,PARCIAL,PARCIAL,MAJORITY_2_OF_3
RV-0390,José Serra,17/05/2004,118,119,PARCIAL,RESPONDE,RESPONDE,RESPONDE,MAJORITY_2_OF_3
RV-0391,José Serra,17/05/2004,121,122,,RESPONDE,RESPONDE,RESPONDE,AGREEMENT_2_OF_2
RV-0392,José Serra,17/05/2004,123,124,,PARCIAL,PARCIAL,PARCIAL,AGREEMENT_2_OF_2
RV-0393,José Serra,17/05/2004,125,126,,RESPONDE,RESPONDE,RESPONDE,AGREEMENT_2_OF_2
RV-0394,José Serra,17/05/2004,129,130,PARCIAL,PARCIAL,PARCIAL,PARCIAL,UNANIMOUS_3_OF_3
RV-0395,José Serra,17/05/2004,131,132,,PARCIAL,PARCIAL,PARCIAL,AGREEMENT_2_OF_2
RV-0396,José Serra,17/05/2004,133,134,,PARCIAL,PARCIAL,PARCIAL,AGREEMENT_2_OF_2
RV-0397,José Serra,17/05/2004,135,136,,,,,INSUFFICIENT
RV-0398,José Serra,17/05/2004,137,138,,RESPONDE,RESPONDE,RESPONDE,AGREEMENT_2_OF_2
RV-0399,José Serra,17/05/2004,143,145,,RESPONDE,RESPONDE,RESPONDE,AGREEMENT_2_OF_2
RV-0400,José Serra,17/05/2004,147,148,,RESPONDE,RESPONDE,RESPONDE,AGREEMENT_2_OF_2
RV-0401,José Serra,17/05/2004,151,152,,PARCIAL,PARCIAL,PARCIAL,AGREEMENT_2_OF_2
RV-0402,José Serra,17/05/2004,155,156,,RESPONDE,RESPONDE,RESPONDE,AGREEMENT_2_OF_2
RV-0403,José Serra,17/05/2004,157,158,,RESPONDE,RESPONDE,RESPONDE,AGREEMENT_2_OF_2
RV-0404,José Serra,17/05/2004,161,162,,PARCIAL,PARCIAL,PARCIAL,AGREEMENT_2_OF_2
RV-0405,José Serra,17/05/2004,167,168,,PARCIAL,PARCIAL,PARCIAL,AGREEMENT_2_OF_2
RV-0406,José Serra,17/05/2004,175,176,RESPONDE,RESPONDE,RESPONDE,RESPONDE,UNANIMOUS_3_OF_3
RV-0407,José Serra,17/05/2004,177,178,,RESPONDE,RESPONDE,RESPONDE,AGREEMENT_2_OF_2
RV-0408,José Serra,17/05/2004,179,180,,RESPONDE,RESPONDE,RESPONDE,AGREEMENT_2_OF_2
RV-0409,José Serra,17/05/2004,181,182,PARCIAL,RESPONDE,RESPONDE,RESPONDE,MAJORITY_2_OF_3
RV-0410,José Serra,17/05/2004,185,186,,ESQUIVA,ESQUIVA,ESQUIVA,AGREEMENT_2_OF_2
RV-0411,José Serra,17/05/2004,187,188,PARCIAL,PARCIAL,PARCIAL,PARCIAL,UNANIMOUS_3_OF_3
RV-0412,José Serra,17/05/2004,189,190,,RESPONDE,RESPONDE,RESPONDE,AGREEMENT_2_OF_2
RV-0413,José Serra,17/05/2004,191,192,,PARCIAL,PARCIAL,PARCIAL,AGREEMENT_2_OF_2
RV-0414,José Serra,17/05/2004,193,194,PARCIAL,PARCIAL,PARCIAL,PARCIAL,UNANIMOUS_3_OF_3
RV-0415,José Serra,17/05/2004,195,196,RESPONDE,PARCIAL,PARCIAL,PARCIAL,MAJORITY_2_OF_3
RV-0416,José Serra,17/05/2004,197,198,,RESPONDE,RESPONDE,RESPONDE,AGREEMENT_2_OF_2
RV-0417,José Serra,17/05/2004,199,200,,RESPONDE,RESPONDE,RESPONDE,AGREEMENT_2_OF_2
RV-0418,José Serra,17/05/2004,201,202,RESPONDE,RESPONDE,RESPONDE,RESPONDE,UNANIMOUS_3_OF_3
RV-0419,José Serra,17/05/2004,204,205,,PARCIAL,PARCIAL,PARCIAL,AGREEMENT_2_OF_2
RV-0420,José Serra,17/05/2004,206,207,,RESPONDE,RESPONDE,RESPONDE,AGREEMENT_2_OF_2
RV-0421,José Serra,17/05/2004,208,209,PARCIAL,RESPONDE,RESPONDE,RESPONDE,MAJORITY_2_OF_3
RV-0422,José Serra,17/05/2004,210,212,,PARCIAL,PARCIAL,PARCIAL,AGREEMENT_2_OF_2
RV-0423,José Serra,17/05/2004,213,214,,PARCIAL,PARCIAL,PARCIAL,AGREEMENT_2_OF_2
RV-0424,José Serra,17/05/2004,215,217,,PARCIAL,PARCIAL,PARCIAL,AGREEMENT_2_OF_2
RV-0425,José Serra,17/05/2004,233,234,RESPONDE,RESPONDE,RESPONDE,RESPONDE,UNANIMOUS_3_OF_3
RV-0426,José Serra,17/05/2004,235,236,,PARCIAL,PARCIAL,PARCIAL,AGREEMENT_2_OF_2
RV-0427,José Serra,17/05/2004,237,238,PARCIAL,RESPONDE,RESPONDE,RESPONDE,MAJORITY_2_OF_3
RV-0428,José Serra,17/05/2004,239,241,,PARCIAL,PARCIAL,PARCIAL,AGREEMENT_2_OF_2
RV-0429,José Serra,17/05/2004,242,243,,PARCIAL,PARCIAL,PARCIAL,AGREEMENT_2_OF_2
RV-0430,José Serra,17/05/2004,248,250,PARCIAL,PARCIAL,PARCIAL,PARCIAL,UNANIMOUS_3_OF_3
RV-0431,José Serra,17/05/2004,257,258,,PARCIAL,PARCIAL,PARCIAL,AGREEMENT_2_OF_2
RV-0432,José Serra,17/05/2004,267,268,RESPONDE,PARCIAL,PARCIAL,PARCIAL,MAJORITY_2_OF_3
RV-0433,José Serra,17/05/2004,271,272,,RESPONDE,RESPONDE,RESPONDE,AGREEMENT_2_OF_2
RV-0434,José Serra,17/05/2004,273,274,RESPONDE,RESPONDE,RESPONDE,RESPONDE,UNANIMOUS_3_OF_3
RV-0435,José Serra,17/05/2004,277,278,,RESPONDE,RESPONDE,RESPONDE,AGREEMENT_2_OF_2
RV-0436,José Serra,17/05/2004,281,282,RESPONDE,RESPONDE,RESPONDE,RESPONDE,UNANIMOUS_3_OF_3
RV-0437,José Serra,17/05/2004,300,303,PARCIAL,RESPONDE,RESPONDE,RESPONDE,MAJORITY_2_OF_3
RV-0438,José Serra,17/05/2004,304,305,,RESPONDE,RESPONDE,RESPONDE,AGREEMENT_2_OF_2
RV-0439,José Serra,17/05/2004,308,309,,PARCIAL,PARCIAL,PARCIAL,AGREEMENT_2_OF_2
RV-0440,José Serra,17/05/2004,310,311,RESPONDE,RESPONDE,RESPONDE,RESPONDE,UNANIMOUS_3_OF_3
RV-0441,José Serra,17/05/2004,312,313,,PARCIAL,PARCIAL,PARCIAL,AGREEMENT_2_OF_2
RV-0442,José Serra,17/05/2004,320,321,RESPONDE,PARCIAL,PARCIAL,PARCIAL,MAJORITY_2_OF_3
RV-0443,José Serra,17/05/2004,332,333,,PARCIAL,PARCIAL,PARCIAL,AGREEMENT_2_OF_2
RV-0444,José Serra,17/05/2004,340,341,,RESPONDE,RESPONDE,RESPONDE,AGREEMENT_2_OF_2
RV-0445,José Serra,17/05/2004,342,345,RESPONDE,PARCIAL,PARCIAL,PARCIAL,MAJORITY_2_OF_3
RV-0446,José Serra,17/05/2004,348,349,,RESPONDE,RESPONDE,RESPONDE,AGREEMENT_2_OF_2
RV-0447,José Serra,17/05/2004,350,351,,RESPONDE,RESPONDE,RESPONDE,AGREEMENT_2_OF_2
RV-0448,José Serra,17/05/2004,354,355,RESPONDE,RESPONDE,RESPONDE,RESPONDE,UNANIMOUS_3_OF_3
RV-0449,José Serra,17/05/2004,356,357,PARCIAL,RESPONDE,RESPONDE,RESPONDE,MAJORITY_2_OF_3
RV-0450,José Serra,17/05/2004,360,362,,PARCIAL,PARCIAL,PARCIAL,AGREEMENT_2_OF_2
RV-0451,José Serra,17/05/2004,363,364,PARCIAL,PARCIAL,PARCIAL,PARCIAL,UNANIMOUS_3_OF_3
RV-0452,José Serra,17/05/2004,377,378,,RESPONDE,RESPONDE,RESPONDE,AGREEMENT_2_OF_2
RV-0453,José Serra,17/05/2004,394,395,,RESPONDE,RESPONDE,RESPONDE,AGREEMENT_2_OF_2
RV-0454,José Serra,17/05/2004,396,397,PARCIAL,PARCIAL,PARCIAL,PARCIAL,UNANIMOUS_3_OF_3
RV-0455,José Serra,17/05/2004,398,399,,PARCIAL,PARCIAL,PARCIAL,AGREEMENT_2_OF_2
RV-0456,José Serra,17/05/2004,400,401,,PARCIAL,PARCIAL,PARCIAL,AGREEMENT_2_OF_2
RV-0457,José Serra,17/05/2004,402,403,,PARCIAL,PARCIAL,PARCIAL,AGREEMENT_2_OF_2
RV-0458,José Serra,17/05/2004,417,418,RESPONDE,RESPONDE,RESPONDE,RESPONDE,UNANIMOUS_3_OF_3
RV-0459,José Serra,17/05/2004,423,424,,,,,INSUFFICIENT
RV-0460,José Serra,17/05/2004,425,426,RESPONDE,RESPONDE,RESPONDE,RESPONDE,UNANIMOUS_3_OF_3
RV-0461,José Serra,17/05/2004,427,428,ESQUIVA,PARCIAL,PARCIAL,PARCIAL,MAJORITY_2_OF_3
RV-0462,José Serra,17/05/2004,430,431,,PARCIAL,PARCIAL,PARCIAL,AGREEMENT_2_OF_2
RV-0463,José Serra,17/05/2004,434,435,,PARCIAL,PARCIAL,PARCIAL,AGREEMENT_2_OF_2
RV-0464,José Serra,17/05/2004,436,437,PARCIAL,PARCIAL,PARCIAL,PARCIAL,UNANIMOUS_3_OF_3
RV-0465,José Serra,17/05/2004,444,445,ESQUIVA,PARCIAL,PARCIAL,PARCIAL,MAJORITY_2_OF_3
RV-0466,José Serra,17/05/2004,448,449,,RESPONDE,RESPONDE,RESPONDE,AGREEMENT_2_OF_2
RV-0467,José Serra,17/05/2004,458,459,RESPONDE,PARCIAL,PARCIAL,PARCIAL,MAJORITY_2_OF_3
RV-0468,José Serra,17/05/2004,462,465,,RESPONDE,RESPONDE,RESPONDE,AGREEMENT_2_OF_2
RV-0469,José Serra,17/05/2004,466,469,RESPONDE,RESPONDE,RESPONDE,RESPONDE,UNANIMOUS_3_OF_3
RV-0470,José Serra,17/05/2004,470,471,,RESPONDE,RESPONDE,RESPONDE,AGREEMENT_2_OF_2
RV-0471,José Serra,17/05/2004,473,474,PARCIAL,PARCIAL,PARCIAL,PARCIAL,UNANIMOUS_3_OF_3
RV-0472,José Serra,17/05/2004,477,478,,RESPONDE,RESPONDE,RESPONDE,AGREEMENT_2_OF_2
RV-0473,Luiz Inácio Lula da Silva,16/10/2006,1,2,PARCIAL,RESPONDE,RESPONDE,RESPONDE,MAJORITY_2_OF_3
RV-0474,Luiz Inácio Lula da Silva,16/10/2006,3,4,,RESPONDE,RESPONDE,RESPONDE,AGREEMENT_2_OF_2
RV-0475,Luiz Inácio Lula da Silva,16/10/2006,7,8,,PARCIAL,PARCIAL,PARCIAL,AGREEMENT_2_OF_2
RV-0476,Luiz Inácio Lula da Silva,16/10/2006,9,10,RESPONDE,PARCIAL,PARCIAL,PARCIAL,MAJORITY_2_OF_3
RV-0477,Luiz Inácio Lula da Silva,16/10/2006,11,12,,PARCIAL,PARCIAL,PARCIAL,AGREEMENT_2_OF_2
RV-0478,Luiz Inácio Lula da Silva,16/10/2006,13,14,,RESPONDE,RESPONDE,RESPONDE,AGREEMENT_2_OF_2
RV-0479,Luiz Inácio Lula da Silva,16/10/2006,17,18,,RESPONDE,RESPONDE,RESPONDE,AGREEMENT_2_OF_2
RV-0480,Luiz Inácio Lula da Silva,16/10/2006,21,22,RESPONDE,RESPONDE,RESPONDE,RESPONDE,UNANIMOUS_3_OF_3
RV-0481,Luiz Inácio Lula da Silva,16/10/2006,30,31,,PARCIAL,PARCIAL,PARCIAL,AGREEMENT_2_OF_2
RV-0482,Luiz Inácio Lula da Silva,16/10/2006,32,33,RESPONDE,RESPONDE,RESPONDE,RESPONDE,UNANIMOUS_3_OF_3
RV-0483,Luiz Inácio Lula da Silva,16/10/2006,34,35,RESPONDE,PARCIAL,PARCIAL,PARCIAL,MAJORITY_2_OF_3
RV-0484,Luiz Inácio Lula da Silva,16/10/2006,36,37,PARCIAL,PARCIAL,PARCIAL,PARCIAL,UNANIMOUS_3_OF_3
RV-0485,Luiz Inácio Lula da Silva,16/10/2006,38,40,,PARCIAL,PARCIAL,PARCIAL,AGREEMENT_2_OF_2
RV-0486,Luiz Inácio Lula da Silva,16/10/2006,41,42,RESPONDE,PARCIAL,PARCIAL,PARCIAL,MAJORITY_2_OF_3
RV-0487,Luiz Inácio Lula da Silva,16/10/2006,43,44,,RESPONDE,RESPONDE,RESPONDE,AGREEMENT_2_OF_2
RV-0488,Luiz Inácio Lula da Silva,16/10/2006,45,47,PARCIAL,PARCIAL,PARCIAL,PARCIAL,UNANIMOUS_3_OF_3
RV-0489,Luiz Inácio Lula da Silva,16/10/2006,48,49,,RESPONDE,RESPONDE,RESPONDE,AGREEMENT_2_OF_2
RV-0490,Luiz Inácio Lula da Silva,16/10/2006,51,52,RESPONDE,PARCIAL,PARCIAL,PARCIAL,MAJORITY_2_OF_3
RV-0491,Luiz Inácio Lula da Silva,16/10/2006,53,54,,RESPONDE,RESPONDE,RESPONDE,AGREEMENT_2_OF_2
RV-0492,Luiz Inácio Lula da Silva,16/10/2006,55,56,PARCIAL,PARCIAL,PARCIAL,PARCIAL,UNANIMOUS_3_OF_3
RV-0493,Luiz Inácio Lula da Silva,16/10/2006,58,59,,RESPONDE,RESPONDE,RESPONDE,AGREEMENT_2_OF_2
RV-0494,Luiz Inácio Lula da Silva,16/10/2006,60,62,,PARCIAL,PARCIAL,PARCIAL,AGREEMENT_2_OF_2
RV-0495,Luiz Inácio Lula da Silva,16/10/2006,66,67,,RESPONDE,RESPONDE,RESPONDE,AGREEMENT_2_OF_2
RV-0496,Luiz Inácio Lula da Silva,16/10/2006,74,75,RESPONDE,RESPONDE,RESPONDE,RESPONDE,UNANIMOUS_3_OF_3
RV-0497,Luiz Inácio Lula da Silva,16/10/2006,76,77,PARCIAL,,,,INSUFFICIENT
RV-0498,Luiz Inácio Lula da Silva,16/10/2006,78,79,,RESPONDE,RESPONDE,RESPONDE,AGREEMENT_2_OF_2
RV-0499,Luiz Inácio Lula da Silva,16/10/2006,80,81,,PARCIAL,PARCIAL,PARCIAL,AGREEMENT_2_OF_2
RV-0500,Luiz Inácio Lula da Silva,16/10/2006,82,83,RESPONDE,RESPONDE,RESPONDE,RESPONDE,UNANIMOUS_3_OF_3
RV-0501,Luiz Inácio Lula da Silva,16/10/2006,84,85,RESPONDE,RESPONDE,RESPONDE,RESPONDE,UNANIMOUS_3_OF_3
RV-0502,Luiz Inácio Lula da Silva,16/10/2006,86,87,,RESPONDE,RESPONDE,RESPONDE,AGREEMENT_2_OF_2
RV-0503,Luiz Inácio Lula da Silva,16/10/2006,88,89,PARCIAL,RESPONDE,RESPONDE,RESPONDE,MAJORITY_2_OF_3
RV-0504,Luiz Inácio Lula da Silva,16/10/2006,92,93,,RESPONDE,RESPONDE,RESPONDE,AGREEMENT_2_OF_2
RV-0505,Luiz Inácio Lula da Silva,16/10/2006,96,97,PARCIAL,,,,INSUFFICIENT
RV-0506,Luiz Inácio Lula da Silva,16/10/2006,104,105,,RESPONDE,RESPONDE,RESPONDE,AGREEMENT_2_OF_2
RV-0507,Luiz Inácio Lula da Silva,16/10/2006,106,107,,PARCIAL,PARCIAL,PARCIAL,AGREEMENT_2_OF_2
RV-0508,Luiz Inácio Lula da Silva,16/10/2006,113,114,RESPONDE,RESPONDE,RESPONDE,RESPONDE,UNANIMOUS_3_OF_3
RV-0509,Luiz Inácio Lula da Silva,16/10/2006,115,116,,PARCIAL,PARCIAL,PARCIAL,AGREEMENT_2_OF_2
RV-0510,Luiz Inácio Lula da Silva,16/10/2006,117,118,,RESPONDE,RESPONDE,RESPONDE,AGREEMENT_2_OF_2
RV-0511,Luiz Inácio Lula da Silva,16/10/2006,119,120,RESPONDE,PARCIAL,PARCIAL,PARCIAL,MAJORITY_2_OF_3
RV-0512,Luiz Inácio Lula da Silva,16/10/2006,121,122,PARCIAL,PARCIAL,PARCIAL,PARCIAL,UNANIMOUS_3_OF_3
RV-0513,Luiz Inácio Lula da Silva,16/10/2006,123,124,,PARCIAL,PARCIAL,PARCIAL,AGREEMENT_2_OF_2
RV-0514,Luiz Inácio Lula da Silva,16/10/2006,131,132,,PARCIAL,PARCIAL,PARCIAL,AGREEMENT_2_OF_2
RV-0515,Luiz Inácio Lula da Silva,16/10/2006,135,136,,RESPONDE,RESPONDE,RESPONDE,AGREEMENT_2_OF_2
RV-0516,Luiz Inácio Lula da Silva,16/10/2006,137,138,PARCIAL,RESPONDE,RESPONDE,RESPONDE,MAJORITY_2_OF_3
RV-0517,Luiz Inácio Lula da Silva,16/10/2006,139,140,,RESPONDE,RESPONDE,RESPONDE,AGREEMENT_2_OF_2
RV-0518,Luiz Inácio Lula da Silva,16/10/2006,141,142,,PARCIAL,PARCIAL,PARCIAL,AGREEMENT_2_OF_2
RV-0519,Luiz Inácio Lula da Silva,16/10/2006,143,144,ESQUIVA,PARCIAL,PARCIAL,PARCIAL,MAJORITY_2_OF_3
RV-0520,Luiz Inácio Lula da Silva,16/10/2006,150,151,,RESPONDE,RESPONDE,RESPONDE,AGREEMENT_2_OF_2
RV-0521,Luiz Inácio Lula da Silva,16/10/2006,156,157,,PARCIAL,PARCIAL,PARCIAL,AGREEMENT_2_OF_2
RV-0522,Luiz Inácio Lula da Silva,16/10/2006,158,159,,RESPONDE,RESPONDE,RESPONDE,AGREEMENT_2_OF_2
RV-0523,Luiz Inácio Lula da Silva,16/10/2006,160,161,RESPONDE,RESPONDE,RESPONDE,RESPONDE,UNANIMOUS_3_OF_3
RV-0524,Luiz Inácio Lula da Silva,16/10/2006,162,163,,PARCIAL,PARCIAL,PARCIAL,AGREEMENT_2_OF_2
RV-0525,Luiz Inácio Lula da Silva,16/10/2006,166,167,,PARCIAL,PARCIAL,PARCIAL,AGREEMENT_2_OF_2
RV-0526,Luiz Inácio Lula da Silva,16/10/2006,168,169,PARCIAL,RESPONDE,RESPONDE,RESPONDE,MAJORITY_2_OF_3
RV-0527,Luiz Inácio Lula da Silva,16/10/2006,172,173,PARCIAL,PARCIAL,PARCIAL,PARCIAL,UNANIMOUS_3_OF_3
RV-0528,Luiz Inácio Lula da Silva,16/10/2006,174,175,,PARCIAL,PARCIAL,PARCIAL,AGREEMENT_2_OF_2
RV-0529,Luiz Inácio Lula da Silva,16/10/2006,180,181,,PARCIAL,PARCIAL,PARCIAL,AGREEMENT_2_OF_2
RV-0530,Luiz Inácio Lula da Silva,16/10/2006,182,183,,RESPONDE,RESPONDE,RESPONDE,AGREEMENT_2_OF_2
RV-0531,Luiz Inácio Lula da Silva,16/10/2006,184,185,,PARCIAL,PARCIAL,PARCIAL,AGREEMENT_2_OF_2
RV-0532,Luiz Inácio Lula da Silva,16/10/2006,186,187,RESPONDE,RESPONDE,RESPONDE,RESPONDE,UNANIMOUS_3_OF_3
RV-0533,Luiz Inácio Lula da Silva,16/10/2006,188,189,,RESPONDE,RESPONDE,RESPONDE,AGREEMENT_2_OF_2
RV-0534,Marina Silva,13/03/2006,1,4,PARCIAL,RESPONDE,RESPONDE,RESPONDE,MAJORITY_2_OF_3
RV-0535,Marina Silva,13/03/2006,5,6,,RESPONDE,RESPONDE,RESPONDE,AGREEMENT_2_OF_2
RV-0536,Marina Silva,13/03/2006,7,8,ESQUIVA,PARCIAL,PARCIAL,PARCIAL,MAJORITY_2_OF_3
RV-0537,Marina Silva,13/03/2006,11,12,,RESPONDE,RESPONDE,RESPONDE,AGREEMENT_2_OF_2
RV-0538,Marina Silva,13/03/2006,13,14,,RESPONDE,RESPONDE,RESPONDE,AGREEMENT_2_OF_2
RV-0539,Marina Silva,13/03/2006,15,16,,PARCIAL,PARCIAL,PARCIAL,AGREEMENT_2_OF_2
RV-0540,Marina Silva,13/03/2006,20,21,,RESPONDE,RESPONDE,RESPONDE,AGREEMENT_2_OF_2
RV-0541,Marina Silva,13/03/2006,22,23,,RESPONDE,RESPONDE,RESPONDE,AGREEMENT_2_OF_2
RV-0542,Marina Silva,13/03/2006,28,29,PARCIAL,PARCIAL,PARCIAL,PARCIAL,UNANIMOUS_3_OF_3
RV-0543,Marina Silva,13/03/2006,30,31,RESPONDE,PARCIAL,PARCIAL,PARCIAL,MAJORITY_2_OF_3
RV-0544,Marina Silva,13/03/2006,32,33,,PARCIAL,PARCIAL,PARCIAL,AGREEMENT_2_OF_2
RV-0545,Marina Silva,13/03/2006,34,35,RESPONDE,RESPONDE,RESPONDE,RESPONDE,UNANIMOUS_3_OF_3
RV-0546,Marina Silva,13/03/2006,38,39,,,,,INSUFFICIENT
RV-0547,Marina Silva,13/03/2006,42,43,,RESPONDE,RESPONDE,RESPONDE,AGREEMENT_2_OF_2
RV-0548,Marina Silva,13/03/2006,45,46,PARCIAL,PARCIAL,PARCIAL,PARCIAL,UNANIMOUS_3_OF_3
RV-0549,Marina Silva,13/03/2006,49,50,,PARCIAL,PARCIAL,PARCIAL,AGREEMENT_2_OF_2
RV-0550,Marina Silva,13/03/2006,52,56,RESPONDE,RESPONDE,RESPONDE,RESPONDE,UNANIMOUS_3_OF_3
RV-0551,Marina Silva,13/03/2006,60,62,,PARCIAL,PARCIAL,PARCIAL,AGREEMENT_2_OF_2
RV-0552,Marina Silva,13/03/2006,63,64,,RESPONDE,RESPONDE,RESPONDE,AGREEMENT_2_OF_2
RV-0553,Marina Silva,13/03/2006,65,66,,RESPONDE,RESPONDE,RESPONDE,AGREEMENT_2_OF_2
RV-0554,Marina Silva,13/03/2006,67,69,RESPONDE,PARCIAL,PARCIAL,PARCIAL,MAJORITY_2_OF_3
RV-0555,Marina Silva,13/03/2006,70,71,PARCIAL,RESPONDE,RESPONDE,RESPONDE,MAJORITY_2_OF_3
RV-0556,Marina Silva,13/03/2006,75,76,,RESPONDE,RESPONDE,RESPONDE,AGREEMENT_2_OF_2
RV-0557,Marina Silva,13/03/2006,79,80,,PARCIAL,PARCIAL,PARCIAL,AGREEMENT_2_OF_2
RV-0558,Marina Silva,13/03/2006,81,82,,RESPONDE,RESPONDE,RESPONDE,AGREEMENT_2_OF_2
RV-0559,Marina Silva,13/03/2006,84,85,RESPONDE,PARCIAL,PARCIAL,PARCIAL,MAJORITY_2_OF_3
RV-0560,Marina Silva,13/03/2006,97,98,RESPONDE,RESPONDE,RESPONDE,RESPONDE,UNANIMOUS_3_OF_3
RV-0561,Marina Silva,13/03/2006,104,105,,RESPONDE,RESPONDE,RESPONDE,AGREEMENT_2_OF_2
RV-0562,Marina Silva,13/03/2006,107,109,PARCIAL,PARCIAL,PARCIAL,PARCIAL,UNANIMOUS_3_OF_3
RV-0563,Marina Silva,13/03/2006,110,111,,RESPONDE,RESPONDE,RESPONDE,AGREEMENT_2_OF_2
RV-0564,Marina Silva,13/03/2006,112,113,PARCIAL,PARCIAL,PARCIAL,PARCIAL,UNANIMOUS_3_OF_3
RV-0565,Marina Silva,13/03/2006,116,117,,PARCIAL,PARCIAL,PARCIAL,AGREEMENT_2_OF_2
RV-0566,Marina Silva,13/03/2006,118,119,PARCIAL,PARCIAL,PARCIAL,PARCIAL,UNANIMOUS_3_OF_3
RV-0567,Marina Silva,13/03/2006,120,121,,RESPONDE,RESPONDE,RESPONDE,AGREEMENT_2_OF_2
RV-0568,Marina Silva,13/03/2006,122,123,,PARCIAL,PARCIAL,PARCIAL,AGREEMENT_2_OF_2
RV-0569,Marina Silva,13/03/2006,124,125,RESPONDE,PARCIAL,PARCIAL,PARCIAL,MAJORITY_2_OF_3
RV-0570,Marina Silva,13/03/2006,128,130,ESQUIVA,RESPONDE,RESPONDE,RESPONDE,MAJORITY_2_OF_3
RV-0571,Marina Silva,13/03/2006,131,132,,RESPONDE,RESPONDE,RESPONDE,AGREEMENT_2_OF_2
RV-0572,Marina Silva,13/03/2006,133,134,,RESPONDE,RESPONDE,RESPONDE,AGREEMENT_2_OF_2
RV-0573,Marina Silva,13/03/2006,135,136,RESPONDE,PARCIAL,PARCIAL,PARCIAL,MAJORITY_2_OF_3
RV-0574,Marina Silva,13/03/2006,137,138,,RESPONDE,RESPONDE,RESPONDE,AGREEMENT_2_OF_2
RV-0575,Michel Temer,15/11/2004,1,4,,RESPONDE,RESPONDE,RESPONDE,AGREEMENT_2_OF_2
RV-0576,Michel Temer,15/11/2004,5,6,,RESPONDE,RESPONDE,RESPONDE,AGREEMENT_2_OF_2
RV-0577,Michel Temer,15/11/2004,7,8,,PARCIAL,PARCIAL,PARCIAL,AGREEMENT_2_OF_2
RV-0578,Michel Temer,15/11/2004,9,10,RESPONDE,RESPONDE,RESPONDE,RESPONDE,UNANIMOUS_3_OF_3
RV-0579,Michel Temer,15/11/2004,11,12,,RESPONDE,RESPONDE,RESPONDE,AGREEMENT_2_OF_2
RV-0580,Michel Temer,15/11/2004,13,14,,PARCIAL,PARCIAL,PARCIAL,AGREEMENT_2_OF_2
RV-0581,Michel Temer,15/11/2004,15,16,,PARCIAL,PARCIAL,PARCIAL,AGREEMENT_2_OF_2
RV-0582,Michel Temer,15/11/2004,19,20,,RESPONDE,RESPONDE,RESPONDE,AGREEMENT_2_OF_2
RV-0583,Michel Temer,15/11/2004,21,22,,PARCIAL,PARCIAL,PARCIAL,AGREEMENT_2_OF_2
RV-0584,Michel Temer,15/11/2004,23,24,,PARCIAL,PARCIAL,PARCIAL,AGREEMENT_2_OF_2
RV-0585,Michel Temer,15/11/2004,25,26,,RESPONDE,RESPONDE,RESPONDE,AGREEMENT_2_OF_2
RV-0586,Michel Temer,15/11/2004,27,28,,RESPONDE,RESPONDE,RESPONDE,AGREEMENT_2_OF_2
RV-0587,Michel Temer,15/11/2004,29,30,,RESPONDE,RESPONDE,RESPONDE,AGREEMENT_2_OF_2
RV-0588,Michel Temer,15/11/2004,31,32,PARCIAL,PARCIAL,PARCIAL,PARCIAL,UNANIMOUS_3_OF_3
RV-0589,Michel Temer,15/11/2004,33,34,,PARCIAL,PARCIAL,PARCIAL,AGREEMENT_2_OF_2
RV-0590,Michel Temer,15/11/2004,35,36,,PARCIAL,PARCIAL,PARCIAL,AGREEMENT_2_OF_2
RV-0591,Michel Temer,15/11/2004,37,38,,RESPONDE,RESPONDE,RESPONDE,AGREEMENT_2_OF_2
RV-0592,Michel Temer,15/11/2004,41,42,,PARCIAL,PARCIAL,PARCIAL,AGREEMENT_2_OF_2
RV-0593,Michel Temer,15/11/2004,43,44,,RESPONDE,RESPONDE,RESPONDE,AGREEMENT_2_OF_2
RV-0594,Michel Temer,15/11/2004,45,46,,PARCIAL,PARCIAL,PARCIAL,AGREEMENT_2_OF_2
RV-0595,Michel Temer,15/11/2004,51,52,RESPONDE,PARCIAL,PARCIAL,PARCIAL,MAJORITY_2_OF_3
RV-0596,Michel Temer,15/11/2004,53,54,,PARCIAL,PARCIAL,PARCIAL,AGREEMENT_2_OF_2
RV-0597,Michel Temer,15/11/2004,55,56,,RESPONDE,RESPONDE,RESPONDE,AGREEMENT_2_OF_2
RV-0598,Michel Temer,15/11/2004,59,60,,RESPONDE,RESPONDE,RESPONDE,AGREEMENT_2_OF_2
RV-0599,Michel Temer,15/11/2004,61,62,,,,,INSUFFICIENT
RV-0600,Michel Temer,15/11/2004,65,66,,RESPONDE,RESPONDE,RESPONDE,AGREEMENT_2_OF_2
RV-0601,Michel Temer,15/11/2004,67,68,,PARCIAL,PARCIAL,PARCIAL,AGREEMENT_2_OF_2
RV-0602,Michel Temer,15/11/2004,77,78,,PARCIAL,PARCIAL,PARCIAL,AGREEMENT_2_OF_2
RV-0603,Michel Temer,15/11/2004,79,80,,PARCIAL,PARCIAL,PARCIAL,AGREEMENT_2_OF_2
RV-0604,Michel Temer,15/11/2004,81,82,RESPONDE,PARCIAL,PARCIAL,PARCIAL,MAJORITY_2_OF_3
RV-0605,Michel Temer,15/11/2004,83,84,,RESPONDE,RESPONDE,RESPONDE,AGREEMENT_2_OF_2
RV-0606,Michel Temer,15/11/2004,85,86,,RESPONDE,RESPONDE,RESPONDE,AGREEMENT_2_OF_2
RV-0607,Michel Temer,15/11/2004,87,89,,PARCIAL,PARCIAL,PARCIAL,AGREEMENT_2_OF_2
RV-0608,Michel Temer,15/11/2004,94,95,,RESPONDE,RESPONDE,RESPONDE,AGREEMENT_2_OF_2
RV-0609,Michel Temer,15/11/2004,96,97,,RESPONDE,RESPONDE,RESPONDE,AGREEMENT_2_OF_2
RV-0610,Michel Temer,15/11/2004,98,99,,RESPONDE,RESPONDE,RESPONDE,AGREEMENT_2_OF_2
RV-0611,Michel Temer,15/11/2004,100,101,,RESPONDE,RESPONDE,RESPONDE,AGREEMENT_2_OF_2
RV-0612,Michel Temer,15/11/2004,104,105,RESPONDE,PARCIAL,PARCIAL,PARCIAL,MAJORITY_2_OF_3
RV-0613,Michel Temer,15/11/2004,112,113,,PARCIAL,PARCIAL,PARCIAL,AGREEMENT_2_OF_2
RV-0614,Michel Temer,15/11/2004,118,119,,RESPONDE,RESPONDE,RESPONDE,AGREEMENT_2_OF_2
RV-0615,Michel Temer,15/11/2004,120,121,,RESPONDE,RESPONDE,RESPONDE,AGREEMENT_2_OF_2
RV-0616,Michel Temer,15/11/2004,124,125,RESPONDE,RESPONDE,RESPONDE,RESPONDE,UNANIMOUS_3_OF_3
RV-0617,Michel Temer,15/11/2004,126,127,,PARCIAL,PARCIAL,PARCIAL,AGREEMENT_2_OF_2
RV-0618,Michel Temer,15/11/2004,128,131,,RESPONDE,RESPONDE,RESPONDE,AGREEMENT_2_OF_2
RV-0619,Michel Temer,15/11/2004,132,133,,PARCIAL,PARCIAL,PARCIAL,AGREEMENT_2_OF_2
RV-0620,Michel Temer,15/11/2004,134,135,,PARCIAL,PARCIAL,PARCIAL,AGREEMENT_2_OF_2
RV-0621,Michel Temer,15/11/2004,139,141,,RESPONDE,RESPONDE,RESPONDE,AGREEMENT_2_OF_2
RV-0622,Michel Temer,15/11/2004,142,143,PARCIAL,PARCIAL,PARCIAL,PARCIAL,UNANIMOUS_3_OF_3
RV-0623,Michel Temer,15/11/2004,144,146,RESPONDE,PARCIAL,PARCIAL,PARCIAL,MAJORITY_2_OF_3
RV-0624,Michel Temer,15/11/2004,153,154,,RESPONDE,RESPONDE,RESPONDE,AGREEMENT_2_OF_2
RV-0625,Michel Temer,15/11/2004,155,156,RESPONDE,RESPONDE,RESPONDE,RESPONDE,UNANIMOUS_3_OF_3
RV-0626,Michel Temer,15/11/2004,157,158,,RESPONDE,RESPONDE,RESPONDE,AGREEMENT_2_OF_2
RV-0627,Michel Temer,15/11/2004,159,160,,PARCIAL,PARCIAL,PARCIAL,AGREEMENT_2_OF_2
RV-0628,Michel Temer,15/11/2004,163,164,,PARCIAL,PARCIAL,PARCIAL,AGREEMENT_2_OF_2
RV-0629,Michel Temer,15/11/2004,165,166,,RESPONDE,RESPONDE,RESPONDE,AGREEMENT_2_OF_2
RV-0630,Michel Temer,15/11/2004,167,168,RESPONDE,RESPONDE,RESPONDE,RESPONDE,UNANIMOUS_3_OF_3
RV-0631,Michel Temer,15/11/2004,169,170,RESPONDE,RESPONDE,RESPONDE,RESPONDE,UNANIMOUS_3_OF_3
RV-0632,Michel Temer,15/11/2004,171,172,,RESPONDE,RESPONDE,RESPONDE,AGREEMENT_2_OF_2
RV-0633,Michel Temer,15/11/2004,177,178,RESPONDE,RESPONDE,RESPONDE,RESPONDE,UNANIMOUS_3_OF_3
RV-0634,Michel Temer,15/11/2004,185,186,,RESPONDE,RESPONDE,RESPONDE,AGREEMENT_2_OF_2
RV-0635,Michel Temer,15/11/2004,189,190,PARCIAL,RESPONDE,RESPONDE,RESPONDE,MAJORITY_2_OF_3
RV-0636,Michel Temer,15/11/2004,191,192,,PARCIAL,PARCIAL,PARCIAL,AGREEMENT_2_OF_2
RV-0637,Michel Temer,15/11/2004,193,194,,RESPONDE,RESPONDE,RESPONDE,AGREEMENT_2_OF_2
RV-0638,Michel Temer,15/11/2004,195,196,,PARCIAL,PARCIAL,PARCIAL,AGREEMENT_2_OF_2
RV-0639,Michel Temer,15/11/2004,197,198,,PARCIAL,PARCIAL,PARCIAL,AGREEMENT_2_OF_2
RV-0640,Michel Temer,15/11/2004,201,202,,PARCIAL,PARCIAL,PARCIAL,AGREEMENT_2_OF_2
RV-0641,Michel Temer,15/11/2004,210,211,,PARCIAL,PARCIAL,PARCIAL,AGREEMENT_2_OF_2
RV-0642,Michel Temer,15/11/2004,216,217,RESPONDE,RESPONDE,RESPONDE,RESPONDE,UNANIMOUS_3_OF_3
RV-0643,Michel Temer,15/11/2004,222,223,,PARCIAL,PARCIAL,PARCIAL,AGREEMENT_2_OF_2
RV-0644,Michel Temer,15/11/2004,224,225,,PARCIAL,PARCIAL,PARCIAL,AGREEMENT_2_OF_2
RV-0645,Michel Temer,15/11/2004,228,229,,,,,INSUFFICIENT
RV-0646,Michel Temer,15/11/2004,230,231,RESPONDE,RESPONDE,RESPONDE,RESPONDE,UNANIMOUS_3_OF_3
RV-0647,Michel Temer,15/11/2004,232,234,,PARCIAL,PARCIAL,PARCIAL,AGREEMENT_2_OF_2
RV-0648,Michel Temer,15/11/2004,235,236,,PARCIAL,PARCIAL,PARCIAL,AGREEMENT_2_OF_2
RV-0649,Michel Temer,15/11/2004,237,238,,RESPONDE,RESPONDE,RESPONDE,AGREEMENT_2_OF_2
RV-0650,Michel Temer,15/11/2004,239,240,,RESPONDE,RESPONDE,RESPONDE,AGREEMENT_2_OF_2
RV-0651,Michel Temer,15/11/2004,243,244,,RESPONDE,RESPONDE,RESPONDE,AGREEMENT_2_OF_2
RV-0652,Michel Temer,15/11/2004,245,246,,RESPONDE,RESPONDE,RESPONDE,AGREEMENT_2_OF_2
RV-0653,Michel Temer,15/11/2004,247,252,RESPONDE,PARCIAL,PARCIAL,PARCIAL,MAJORITY_2_OF_3
RV-0654,Michel Temer,15/11/2004,261,262,,PARCIAL,PARCIAL,PARCIAL,AGREEMENT_2_OF_2
RV-0655,Sérgio Cabral,26/02/2007,2,5,,RESPONDE,RESPONDE,RESPONDE,AGREEMENT_2_OF_2
RV-0656,Sérgio Cabral,26/02/2007,6,7,,RESPONDE,RESPONDE,RESPONDE,AGREEMENT_2_OF_2
RV-0657,Sérgio Cabral,26/02/2007,8,9,PARCIAL,PARCIAL,PARCIAL,PARCIAL,UNANIMOUS_3_OF_3
RV-0658,Sérgio Cabral,26/02/2007,12,13,,RESPONDE,RESPONDE,RESPONDE,AGREEMENT_2_OF_2
RV-0659,Sérgio Cabral,26/02/2007,16,17,,RESPONDE,RESPONDE,RESPONDE,AGREEMENT_2_OF_2
RV-0660,Sérgio Cabral,26/02/2007,18,19,,RESPONDE,RESPONDE,RESPONDE,AGREEMENT_2_OF_2
RV-0661,Sérgio Cabral,26/02/2007,20,21,,PARCIAL,PARCIAL,PARCIAL,AGREEMENT_2_OF_2
RV-0662,Sérgio Cabral,26/02/2007,22,24,,PARCIAL,PARCIAL,PARCIAL,AGREEMENT_2_OF_2
RV-0663,Sérgio Cabral,26/02/2007,29,30,,RESPONDE,RESPONDE,RESPONDE,AGREEMENT_2_OF_2
RV-0664,Sérgio Cabral,26/02/2007,31,32,RESPONDE,RESPONDE,RESPONDE,RESPONDE,UNANIMOUS_3_OF_3
RV-0665,Sérgio Cabral,26/02/2007,34,36,,PARCIAL,PARCIAL,PARCIAL,AGREEMENT_2_OF_2
RV-0666,Sérgio Cabral,26/02/2007,40,42,,PARCIAL,PARCIAL,PARCIAL,AGREEMENT_2_OF_2
RV-0667,Sérgio Cabral,26/02/2007,43,46,,PARCIAL,PARCIAL,PARCIAL,AGREEMENT_2_OF_2
RV-0668,Sérgio Cabral,26/02/2007,51,52,,RESPONDE,RESPONDE,RESPONDE,AGREEMENT_2_OF_2
RV-0669,Sérgio Cabral,26/02/2007,53,54,,PARCIAL,PARCIAL,PARCIAL,AGREEMENT_2_OF_2
RV-0670,Sérgio Cabral,26/02/2007,60,61,,RESPONDE,RESPONDE,RESPONDE,AGREEMENT_2_OF_2
RV-0671,Sérgio Cabral,26/02/2007,62,63,,PARCIAL,PARCIAL,PARCIAL,AGREEMENT_2_OF_2
RV-0672,Sérgio Cabral,26/02/2007,69,70,,PARCIAL,PARCIAL,PARCIAL,AGREEMENT_2_OF_2
RV-0673,Sérgio Cabral,26/02/2007,71,73,RESPONDE,RESPONDE,RESPONDE,RESPONDE,UNANIMOUS_3_OF_3
RV-0674,Sérgio Cabral,26/02/2007,74,75,,PARCIAL,PARCIAL,PARCIAL,AGREEMENT_2_OF_2
RV-0675,Sérgio Cabral,26/02/2007,82,83,,RESPONDE,RESPONDE,RESPONDE,AGREEMENT_2_OF_2
RV-0676,Sérgio Cabral,26/02/2007,84,85,,RESPONDE,RESPONDE,RESPONDE,AGREEMENT_2_OF_2
RV-0677,Sérgio Cabral,26/02/2007,86,87,,RESPONDE,RESPONDE,RESPONDE,AGREEMENT_2_OF_2
RV-0678,Sérgio Cabral,26/02/2007,88,89,,RESPONDE,RESPONDE,RESPONDE,AGREEMENT_2_OF_2
RV-0679,Sérgio Cabral,26/02/2007,90,91,,PARCIAL,PARCIAL,PARCIAL,AGREEMENT_2_OF_2
RV-0680,Sérgio Cabral,26/02/2007,92,93,RESPONDE,RESPONDE,RESPONDE,RESPONDE,UNANIMOUS_3_OF_3
RV-0681,Sérgio Cabral,26/02/2007,94,95,,RESPONDE,RESPONDE,RESPONDE,AGREEMENT_2_OF_2
RV-0682,Sérgio Cabral,26/02/2007,96,97,,RESPONDE,RESPONDE,RESPONDE,AGREEMENT_2_OF_2
RV-0683,Sérgio Cabral,26/02/2007,101,102,,PARCIAL,PARCIAL,PARCIAL,AGREEMENT_2_OF_2
RV-0684,Sérgio Cabral,26/02/2007,103,104,PARCIAL,RESPONDE,RESPONDE,RESPONDE,MAJORITY_2_OF_3
RV-0685,Sérgio Cabral,26/02/2007,107,108,,PARCIAL,PARCIAL,PARCIAL,AGREEMENT_2_OF_2
RV-0686,Sérgio Cabral,26/02/2007,111,112,,RESPONDE,RESPONDE,RESPONDE,AGREEMENT_2_OF_2
RV-0687,Sérgio Cabral,26/02/2007,113,114,,PARCIAL,PARCIAL,PARCIAL,AGREEMENT_2_OF_2
RV-0688,Sérgio Cabral,26/02/2007,115,116,,PARCIAL,PARCIAL,PARCIAL,AGREEMENT_2_OF_2
RV-0689,Sérgio Cabral,26/02/2007,117,118,,RESPONDE,RESPONDE,RESPONDE,AGREEMENT_2_OF_2
RV-0690,Sérgio Cabral,26/02/2007,119,120,PARCIAL,PARCIAL,PARCIAL,PARCIAL,UNANIMOUS_3_OF_3
RV-0691,Sérgio Cabral,26/02/2007,121,122,,PARCIAL,PARCIAL,PARCIAL,AGREEMENT_2_OF_2
RV-0692,Sérgio Cabral,26/02/2007,128,129,,,,,INSUFFICIENT
RV-0693,Sérgio Cabral,26/02/2007,132,133,,PARCIAL,PARCIAL,PARCIAL,AGREEMENT_2_OF_2
RV-0694,Sérgio Cabral,26/02/2007,134,135,,RESPONDE,RESPONDE,RESPONDE,AGREEMENT_2_OF_2
